"z_80","porosity","ux","uz","utx","utz","tautxz","udx","udz","tausxz"
0.015775867549668875,1.0,0.0,0.0,0.0,0.0,0.0,0.0,0.0,0.0
0.01554723178807947,1.0,0.0,0.0,0.0,0.0,0.0,0.0,0.0,0.0
0.015318596026490066,1.0,0.0,0.0,0.0,0.0,0.0,0.0,0.0,0.0
0.015089960264900663,1.0,0.0,0.0,0.0,0.0,0.0,0.0,0.0,0.0
0.014861324503311258,1.0,0.0,0.0,0.0,0.0,0.0,0.0,0.0,0.0
0.014632688741721854,1.0,0.0,0.0,0.0,0.0,0.0,0.0,0.0,0.0
0.014404052980132451,1.0,0.0,0.0,0.0,0.0,0.0,0.0,0.0,0.0
0.014175417218543046,1.0,0.0,0.0,0.0,0.0,0.0,0.0,0.0,0.0
0.013946781456953642,1.0,0.32752203941345215,-0.0042990789079340175,0.068568524,0.04457067325,0.08738531356249998,0.009664214787500002,0.008007245,0.017625949499999998
0.01371814569536424,1.0,0.3341328799724579,-0.004983549282769673,0.06451834875,0.043455738125000004,0.06766289059999998,0.0089437984125,0.008695115062500001,0.022597839624999998
0.013489509933774834,1.0,0.33853691816329956,-0.0056063824449665844,0.060398248749999994,0.041594285,0.044365701437499995,0.008604420787499999,0.009515272900000002,0.027934670874999998
0.01326087417218543,1.0,0.3404123783111572,-0.006086902867536992,0.05663623799999999,0.039201428625,0.0234134375625,0.008583430662499999,0.0103165531875,0.033274496625
0.013032238410596027,1.0,0.34099671244621277,-0.00634494551923126,0.053504488625,0.036529240374999994,0.0076618581875000005,0.008792997537500001,0.011074705375,0.037879194875
0.012803602649006622,1.0,0.3405580222606659,-0.0063842497183941305,0.051073227374999995,0.033904268625,-0.007917588437500001,0.009182053662500002,0.011687801125000001,0.04167056125
0.012574966887417218,1.0,0.3394758105278015,-0.006237270019482821,0.04932906837500001,0.03162924725,-0.0238841396875,0.009743617037500003,0.012070425749999999,0.04462896375
0.012346331125827816,1.0,0.33782610297203064,-0.005954927881248295,0.048170962125,0.029831489000000003,-0.038819183,0.0103953252875,0.012148069,0.046601247124999995
0.012117695364238412,1.0,0.335869163274765,-0.005603106168564409,0.047436447750000006,0.028555052875,-0.055899607000000004,0.01100594725,0.012002655,0.046993630999999994
0.011889059602649008,1.0,0.3335822522640228,-0.005250483169220388,0.04701708612500001,0.027788523625000002,-0.07646109653750001,0.011490382625,0.011721325125,0.046076470625
0.011660423841059604,1.0,0.3313826322555542,-0.004904460802208632,0.046833746375,0.02737237075,-0.10259488112500001,0.011827114875,0.011369934875,0.04462760375
0.0114317880794702,1.0,0.3290206789970398,-0.004601691907737404,0.046805875125,0.027190284125000002,-0.1310707885,0.011985342,0.0110098965,0.04302160475
0.011203152317880796,1.0,0.32647815346717834,-0.004347950540250167,0.046888487624999996,0.027277818375000002,-0.160330604125,0.012049088999999999,0.01065022175,0.041806722624999994
0.01097451655629139,1.0,0.3240460455417633,-0.004118234443012625,0.047003260874999994,0.027540536999999997,-0.1908934925,0.012025794999999999,0.010273203874999998,0.04064948549999999
0.010745880794701988,1.0,0.3214637339115143,-0.0039017510425765067,0.047105067,0.027900616125,-0.22061778875000002,0.011928860874999999,0.0099048915,0.039667075625000006
0.010517245033112584,1.0,0.3188963234424591,-0.003706700197653845,0.047224349000000006,0.028319546624999997,-0.250739545,0.011743992125000002,0.009584671250000001,0.038503902250000006
0.010288609271523178,1.0,0.3162515461444855,-0.0035262413148302585,0.04736299275,0.028746173499999996,-0.28067481625,0.011509068,0.0092877979375,0.037206586625
0.010059973509933776,1.0,0.3137955665588379,-0.0033419294049963355,0.047500585875,0.029158285374999995,-0.3084209575,0.011236078375,0.008994951937499999,0.0356538695
0.009831337748344372,1.0,0.3112274706363678,-0.003152443649014458,0.04767200975,0.0295669955,-0.33384230125000003,0.01096538175,0.008708988012499998,0.034106713625
0.009602701986754968,1.0,0.3087269365787506,-0.002965204563224688,0.047876943000000005,0.02998292225,-0.35998944125,0.010688556375,0.0084274346375,0.032300487125000006
0.009374066225165564,1.0,0.30623528361320496,-0.002780985669232905,0.0480769165,0.030391066999999997,-0.38767263750000003,0.010408790375,0.00815954055,0.030391627499999997
0.00914543046357616,1.0,0.30379173159599304,-0.002606582740554586,0.048314074,0.030802381000000004,-0.41364031500000004,0.010141688625,0.00790862205,0.028484371499999998
0.008916794701986756,1.0,0.3012305498123169,-0.002446443832013756,0.04857266925,0.03116317725,-0.43928596875000003,0.009905441875,0.007663007875,0.026450731374999998
0.008688158940397352,1.0,0.2986827790737152,-0.002295259473612532,0.04885049600000001,0.031487432125,-0.46418436875,0.009691810062500002,0.007417036724999999,0.024414384749999997
0.008459523178807948,1.0,0.2961014211177826,-0.0021532067039515823,0.04915031275,0.031786883,-0.48800505625,0.009512200312499998,0.0071771777375,0.02239839975
0.008230887417218544,1.0,0.29342302680015564,-0.002012219949392602,0.0494792315,0.032085909625,-0.51241580375,0.0093700004375,0.006966834199999999,0.020575067625
0.00800225165562914,1.0,0.29078349471092224,-0.0018814645445672795,0.04983409799999999,0.032348014625,-0.53603159875,0.009248343062499999,0.0067698790375,0.018661932625
0.007773615894039736,1.0,0.2880813777446747,-0.0017467203870182857,0.050190976250000005,0.032581980499999996,-0.5587649524999999,0.0091758919375,0.00657968125,0.0168697833125
0.007544980132450332,1.0,0.2852073609828949,-0.0016221572586800903,0.05053161775,0.032779777125,-0.5791534737499999,0.009135299687500001,0.0063971809625,0.015223380687499998
0.007316344370860927,1.0,0.28230783343315125,-0.0015018134872661904,0.050866666250000005,0.03297357875,-0.59900324875,0.0091494385625,0.0062303700875,0.013601335712499999
0.007087708609271524,1.0,0.2791561484336853,-0.0013760630754404701,0.051221974625,0.033185927750000004,-0.6178231550000001,0.0091927420625,0.0060968855125,0.011952996875
0.00685907284768212,1.0,0.2759115993976593,-0.0012626492607523687,0.051551003750000005,0.033387235375,-0.6358488050000001,0.009272396875,0.005982666124999999,0.010266041962500002
0.006630437086092715,1.0,0.27275192737579346,-0.0011401599113014527,0.0518720845,0.033548287499999996,-0.65345218625,0.0093744423125,0.005902441999999999,0.0084858239
0.006401801324503312,1.0,0.26943570375442505,-0.0010186506260652095,0.05217292237499999,0.033677778374999995,-0.669312705,0.0094940388125,0.005825640087499999,0.006456456025
0.006173165562913908,1.0,0.2660907208919525,-0.0008990382557385601,0.052416885499999996,0.03380486625,-0.6843304925000001,0.0096355089375,0.00577066355,0.0041493289499999995
0.005944529801324503,1.0,0.2627752423286438,-0.0008082306812866591,0.05264675225,0.033908585875,-0.69893916125,0.0097930320625,0.0057696610375,0.0014638412625000003
0.0057158940397351,1.0,0.2593628764152527,-0.0007260590937221423,0.052873749625,0.033991311375,-0.71074267625,0.0099737455625,0.005794104125,-0.0010939727375
0.005487258278145696,1.0,0.2560170888900757,-0.0006500646195490845,0.05305531837500001,0.034033947375,-0.7213985087499999,0.010154209437499999,0.005852290174999999,-0.003932911575
0.005258622516556292,1.0,0.25246909260749817,-0.0005947278114035726,0.053204496750000004,0.03404919075,-0.7310100187499999,0.010331014687499999,0.005940258800000001,-0.006805411862499999
0.005029986754966888,1.0,0.24882276356220245,-0.0005364087483030744,0.053374126875000004,0.034040422,-0.7375809687499999,0.0105050759375,0.0060516343875,-0.00978286645
0.004801350993377484,1.0,0.24510915577411652,-0.000500264679430984,0.05353931662500001,0.03408594075,-0.742342675,0.010658619375,0.0061975034375,-0.0124926276375
0.00457271523178808,1.0,0.24140705168247223,-0.0004974962503183633,0.05372113625000001,0.034102558625,-0.7460304824999999,0.010796127625,0.006385434725,-0.0147995095125
0.004344079470198676,1.0,0.2376839965581894,-0.0005024288038839586,0.05397726375,0.03407081625,-0.74837066375,0.010929108375,0.006627935224999999,-0.0164527260625
0.004115443708609273,1.0,0.23382864892482758,-0.0004981997299182694,0.054300890374999994,0.034056637375,-0.7482558075,0.011037227625,0.006907689900000001,-0.0172029160625
0.003886807947019868,1.0,0.22937674820423126,-0.000474269749247469,0.054684779875,0.034019433625,-0.74754770375,0.011105275125,0.0072381964375,-0.0171961660625
0.003658172185430464,1.0,0.22456461191177368,-0.00043102920972160064,0.055216044374999995,0.03391318325,-0.7440575899999999,0.011182311375,0.007615268012500001,-0.0160465207
0.0034295364238410607,1.0,0.21948032081127167,-0.00037456026802829,0.05587901099999999,0.033762782625,-0.7387017025,0.011426250875,0.0080249772625,-0.013871686479625
0.0032009006622516546,1.0,0.21383023262023926,-0.0002954157898784615,0.056653965875000004,0.033600601625,-0.7334769025000001,0.011928490375,0.0084622183375,-0.010315672104625001
0.0029722649006622514,1.0,0.20748712122440338,-0.00022660818922304315,0.057518971125000005,0.033368877875,-0.7293412837500001,0.01279361825,0.0089021032125,-0.005860118479625
0.0027436291390728483,1.0,0.20011360943317413,-0.00015329328527570213,0.05845182175,0.033120788125,-0.72206969625,0.014045226499999999,0.00934791025,-0.0008228093546250002
0.002514993377483445,1.0,0.19220148026943207,-6.322458340154694e-05,0.059325397,0.032912128125,-0.7116601275000001,0.015692413750000002,0.009753499375,0.0034739395203749993
0.0022863576158940395,1.0,0.18350276350975037,3.272349497757815e-05,0.060089155375,0.03267671212500001,-0.69791510875,0.01780610575,0.010103260000000001,0.0063746175578750005
0.0020577218543046364,0.9986995182451824,0.17393456309332006,0.0001068467605369771,0.060685732875,0.032445191750000005,-0.6814924874999999,0.020301670375,0.010386624125000002,0.007715074200375001
0.0018290860927152332,0.9861316113161132,0.16362159367179235,0.00014906394050172073,0.060954950375000004,0.032282009875,-0.66181376875,0.023073847125,0.010585493625000001,0.006915049650375001
0.0016004503311258275,0.9745989647396474,0.15238615445198464,0.0001872605716495349,0.06087155925,0.032118432875,-0.6351332525,0.025872221,0.01066715175,0.003172254555
0.0013718145695364244,0.9624645517288507,0.14147963717305634,0.000207861528020144,0.060406743875,0.031948491625,-0.6037215275000001,0.028480738500000005,0.0106686635,-0.0031562144449999996
0.0011431788079470213,0.9413899138991388,0.1310269865378647,0.0002139642454276639,0.059566591875000005,0.031727984375000004,-0.56741184875,0.030750718500000003,0.010606145124999999,-0.01192789382
0.0009145430463576153,0.9128130552138854,0.12118826961407256,0.0001966220972667539,0.05842638525,0.03147810225,-0.52881062125,0.0324889765,0.010520372125,-0.02172090632
0.0006859072847682122,0.8825406587399208,0.11250217188630497,0.0001330033435716655,0.057114454499999995,0.03118494775,-0.49076732875,0.03370371937500001,0.01045808,-0.030812533819999998
0.00045727152317880907,0.8557545783791172,0.10451063943202978,3.890283855563945e-05,0.05565212075,0.030874127999999997,-0.45442599375,0.034319074625,0.01045227425,-0.0378346143575
0.00022863576158940312,0.8318453601202679,0.09744566475764671,-3.4900773828230567e-05,0.054074395125,0.0304945355,-0.41878399874999994,0.0344372395,0.01053880375,-0.043697250624999996
0.0,0.8080817787344542,0.09088468503248263,-9.756463119565555e-05,0.052494770125000006,0.030098436875,-0.3857234075,0.03406036475,0.010730866625,-0.047367990374999995
-0.00022863576158940312,0.7873582069154026,0.08473559613712948,-0.00017369259052843388,0.050892335875,0.029734467625,-0.35737017,0.033381614500000004,0.011082869875,-0.048703674375
-0.00045727152317880625,0.7664300601339348,0.07889787344145908,-0.00026461310066103037,0.049279624625,0.029382197625000002,-0.3299880275,0.032533554874999995,0.011555946125000001,-0.048634452
-0.000685907284768212,0.7471752425857593,0.07337512469389618,-0.00031462159318514397,0.047714631625,0.029103000625,-0.30476396250000004,0.031560261875,0.012111037,-0.047407222374999995
-0.0009145430463576151,0.726393159764931,0.06795610446018696,-0.00035146274649665917,0.046135411375,0.028822557750000005,-0.28254789625,0.030586399,0.012727237125,-0.04566010549999999
-0.0011431788079470182,0.6992508883422167,0.06288823313567145,-0.0003700778253399095,0.044513252249999996,0.028595183,-0.26073501250000003,0.029602790625,0.013369418125000001,-0.044533424625
-0.001371814569536424,0.6730875017083504,0.05830270592946028,-0.0003697851835020616,0.042821812249999994,0.02838738675,-0.23884301375,0.028657030625,0.013981680875,-0.0456900805
-0.001600450331125827,0.6475553505535055,0.05439266062536864,-0.00040659581000407916,0.04110771075,0.028197503,-0.21754487,0.027683836250000003,0.014543730999999999,-0.047310569625
-0.0018290860927152302,0.6232788369550363,0.05074245984267558,-0.00044689359182091873,0.039448157625,0.028024871875,-0.19640610125,0.026828101625000003,0.01506939025,-0.050168232625
-0.002057721854304636,0.6008964568812355,0.04736044843523531,-0.0004930850084410821,0.037873868250000005,0.02787904025,-0.17692318925,0.025903162125000004,0.01554088075,-0.05212501725
-0.002286357615894039,0.5777427565942326,0.04449213669141898,-0.0005434876919434209,0.03636889362500001,0.027754644874999998,-0.16202735000000001,0.024968853625000002,0.01596497225,-0.053792587625000006
-0.002514993377483442,0.5574693351100178,0.04188769735303911,-0.0006568460776483738,0.034901511125,0.027580588125,-0.14783892,0.02406026575,0.01636307375,-0.054627389375
-0.002743629139072848,0.5385758336750034,0.039318091325833256,-0.000781867928108939,0.033478578625,0.027399268624999997,-0.1345046055,0.02322965925,0.016686920749999997,-0.055518315624999995
-0.002972264900662251,0.5211340030066967,0.03712960306300498,-0.0009156615991334991,0.032155445125,0.027163083625,-0.12190311424999999,0.022437112749999995,0.016970056249999997,-0.055129110249999995
-0.003200900662251654,0.5057964329643296,0.035046957811222294,-0.001044630948884705,0.030967096875000003,0.026878948,-0.109894534875,0.021650133874999995,0.017248294625,-0.052761976125
-0.00342953642384106,0.49074244909115755,0.0331103316842106,-0.0011741203315802353,0.029881444625000003,0.026499720125,-0.097804422625,0.020947991875,0.017498589625,-0.04958541087499999
-0.003658172185430463,0.47767399548995493,0.0313707849008402,-0.0013280079348111783,0.028842783125,0.026059798375000005,-0.08782302837499999,0.020245671875000003,0.01772390875,-0.045658034125
-0.003886807947019866,0.4649463577969113,0.029753410394136964,-0.0014855434882862144,0.027835584749999996,0.02549526275,-0.07836112625,0.019569407625,0.017863617375,-0.04242555487499999
-0.004115443708609273,0.4552173021730217,0.027987642895622167,-0.001662505711395557,0.02693005375,0.024887600125000003,-0.06786333224999999,0.0188161495,0.017931006750000002,-0.038855286125
-0.004344079470198676,0.4454711630449637,0.02617838334247215,-0.0018101337212483436,0.026085642874999995,0.024243112125,-0.058495345625,0.018025884375000002,0.017908747625000002,-0.03531566775
-0.004572715231788079,0.4381756525898592,0.024232298217615203,-0.0019602838452031338,0.025302985625,0.0236343925,-0.049814998875,0.017158781499999998,0.017843740375,-0.031185212375
-0.004801350993377481,0.43164078515785165,0.022136470728290208,-0.002135047917465732,0.0244967705,0.0230704495,-0.041937515125,0.016282207625,0.017709311875,-0.027731108875
-0.005029986754966888,0.42757661951619513,0.02021565786391158,-0.0023521110297934147,0.023618932875,0.022527832999999997,-0.035080504124999995,0.01542552125,0.0174566515,-0.024705673374999997
-0.005258622516556291,0.42433374333743346,0.01816546840625524,-0.0025788537861933672,0.022745067250000004,0.022015943875,-0.030474408375,0.014548301875000001,0.017117737624999997,-0.021870791562500002
-0.005487258278145694,0.4115915846658467,0.015966678783236075,-0.0027981839746783056,0.021898987249999998,0.021460254374999998,-0.026551352250000004,0.013671529500000001,0.01667176925,-0.019018438687499997
-0.0057158940397351,0.3991748667486674,0.014047553652761955,-0.0029954935569174203,0.021216605,0.020910190625,-0.023249467625000002,0.01288474375,0.0161597616875,-0.0161985561875
-0.005944529801324502,0.3894552070520705,0.012460687916294889,-0.0031632239227468513,0.020693843375,0.020452419375,-0.0196402705,0.012169379125000001,0.015581555812499998,-0.0134789947625
-0.006173165562913906,0.3827597546808802,0.011253674055119242,-0.0033096127639961753,0.020291457,0.020037606875000002,-0.0170972585,0.011483017625,0.014949976562499998,-0.011017781975
-0.006401801324503312,0.3781702712860462,0.010210012588186127,-0.003426372126434532,0.0199332155,0.019550073,-0.01541863875,0.010851626625000001,0.0142502961875,-0.008988415312500001
-0.006630437086092714,0.37563422509225086,0.009313345371716223,-0.0034929340021263543,0.019635362875,0.018963839375000003,-0.0150864141875,0.010234158,0.0134852781875,-0.0069605542
-0.006859072847682118,0.3734560783107831,0.008471116898797862,-0.003523778077581825,0.019535988125,0.01834333775,-0.0145589748125,0.009593329000000001,0.012709201062500002,-0.004920782175
-0.007087708609271524,0.37419579404127373,0.007655787208535718,-0.0035340572078251605,0.019601736875,0.017872683624999997,-0.0138491170625,0.008981014950000001,0.0119744346875,-0.003033701075
-0.007316344370860928,0.3764888273882739,0.006980432117695119,-0.003543282692113963,0.019634812624999998,0.017446373375,-0.012705993937500002,0.00840800245,0.011289921437500001,-0.0013060819125000002
-0.00754498013245033,0.3783005330053301,0.006450934711429179,-0.0035862208765644107,0.019720444375,0.017165440625,-0.011770639062500001,0.007897732074999999,0.010690192250000001,0.00017195208749999993
-0.007773615894039732,0.37185193726937266,0.006465254716031492,-0.003647075769038442,0.019743244374999996,0.016879861375,-0.01096690885,0.007507719825,0.01019086375,0.0010640862375
-0.00800225165562914,0.3659051694683613,0.006280882807012938,-0.003742760631711403,0.019720558125,0.016621691875,-0.008700118949999999,0.007165622700000001,0.009790194125,0.001985984825
-0.008230887417218542,0.353871549132158,0.006103817403057741,-0.003842961300038533,0.019635108499999998,0.016482270875,-0.0065425732,0.00687723625,0.009491283125,0.0028514500375
-0.008459523178807946,0.3446729363126965,0.005948151133453582,-0.003958611725847951,0.019720388625,0.016477502,-0.0038848622125000004,0.00668765445,0.009270430750000001,0.0036421674249999996
-0.008688158940397352,0.33901018176848435,0.005944461008553274,-0.004070321788777248,0.019801065125000003,0.01655103975,-0.0017957072375000003,0.0065882416249999996,0.009112935374999999,0.0042598885625000004
-0.008916794701986754,0.33542008336750034,0.005831033152323765,-0.004144501274702137,0.0197031155,0.016487391875,-0.000466164305,0.0065696932375,0.008971042875,0.0045974336
-0.009145430463576158,0.33303309074757415,0.005903715288938844,-0.004175951468618067,0.019653104875,0.016537907125,0.0010100658575,0.0066149715625000004,0.0088342995,0.0049730534
-0.00937406622516556,0.33336023985239854,0.006111952955862434,-0.004150836792652078,0.019468970125000002,0.01657376225,0.0021262017325,0.0066461652625,0.008697415125,0.0053152978125
-0.00960270198675497,0.3371596111794451,0.006101439157146957,-0.0040942686498916525,0.019114831375,0.01646481175,0.0021712485575000003,0.00665182935,0.008528757625,0.005863524687500001
-0.009831337748344372,0.34273908364083644,0.006086471108567944,-0.003990294583642579,0.018829457125,0.016357132875000003,0.0007954610950000005,0.0067185831,0.0083310516875,0.0063327524375
-0.010059973509933776,0.35040359778597785,0.006113070571050281,-0.0038662696554006065,0.018691723625,0.016123241,-0.00015844021750000022,0.00682124955,0.00811480475,0.006766412937499999
-0.010288609271523178,0.3613635198851988,0.006011536396511312,-0.0037272933353127385,0.018583614375,0.01585263625,-0.0015480324675,0.006915945225,0.007895328,0.0072166565625
-0.010517245033112582,0.3728756662566626,0.006120735935637393,-0.003574025698652501,0.01849184975,0.015530793250000001,-0.0027340526925000003,0.007012877625,0.007687028624999999,0.007498843525
-0.010745880794701984,0.3884161029110291,0.006310387572727176,-0.0034322144197831968,0.018493274875,0.015305735875000002,-0.0033334778250000002,0.0070686276875,0.0074939854625,0.0076801539875
-0.010974516556291388,0.3959879390460571,0.006735587036834959,-0.0033036118287005484,0.018306898500000002,0.0149510694375,-0.0031862474625000002,0.0070235452375,0.0073281778375,0.007858523775
-0.011203152317880796,0.3989322809894766,0.007176613227802207,-0.0031975709176736786,0.018122545499999997,0.0146194418125,-0.0028706864337500002,0.0069327510375,0.0071661050875,0.0079453203
-0.0114317880794702,0.3975609026923602,0.007438669759887081,-0.003102471021968762,0.01802186025,0.0144012058125,-0.00307316103375,0.0068160543999999995,0.007015243462499999,0.007978846637499998
-0.011660423841059602,0.39860470479704796,0.007554788572337777,-0.0030169486314976252,0.017753764125,0.0141616889375,-0.00303834342125,0.006665633187500001,0.006899765149999999,0.0076970104625
-0.011889059602649006,0.3992363673636736,0.007638261184838726,-0.0029304294667638225,0.01733609225,0.013877590687499998,-0.0037204312712500005,0.0064510034375,0.0067894513875,0.00726882475
-0.012117695364238408,0.3960827524941916,0.007746478213709329,-0.0028253026338042955,0.016763228375,0.0136474475625,-0.00412782082125,0.006189881437499999,0.006690218837499999,0.0067006184624999994
-0.012346331125827812,0.3882025591089244,0.007834838056620648,-0.0027303759558497853,0.0161853175,0.013445496687499999,-0.00507736957125,0.005901312487499999,0.0066008966375,0.0061645979125
-0.012574966887417221,0.38322741560748946,0.0077497956003299015,-0.002646852464323281,0.015584406250000002,0.013247459687500001,-0.00574556962125,0.0055979154875,0.0065215723,0.00568019955
-0.012803602649006623,0.3842532800328003,0.007650103114718802,-0.0025530724767265593,0.015253423,0.013171043625,-0.00723181302125,0.005376718862499999,0.00643912605,0.005003359799999999
-0.013032238410596026,0.379244823698237,0.0075653415123112825,-0.002458547462574569,0.015041863062500003,0.01303088375,-0.008433355425,0.0051951666125,0.0063547155875,0.0043253588625
-0.01326087417218543,0.37162002870028693,0.007369824847317871,-0.002358856605389486,0.0152276046875,0.012935118374999999,-0.009033757362499999,0.00505331175,0.0062851647625,0.0035998192249999997
-0.013489509933774834,0.3678432930162635,0.007106727819809294,-0.0022614634849347005,0.0157708055625,0.013066555624999998,-0.009009372837499998,0.0048971713875000005,0.006174917675,0.0030274485749999997
-0.013718145695364234,0.36487460707940406,0.006979969344020111,-0.002152403401391779,0.0167388593125,0.013629504375,-0.0093403263,0.0048208519375,0.0060745768125,0.0024181681374999997
-0.013946781456953638,0.3637325748257483,0.007034081258094155,-0.0020716646805995285,0.0178657971875,0.014279397374999999,-0.008962827900000001,0.0048101023125,0.005983702025,0.0018386459712500002
-0.01417541721854305,0.3644120712040454,0.006833741492073667,-0.0019981316272637975,0.0191558955625,0.015216026750000002,-0.008847239900000001,0.004834895812500001,0.0058806466,0.00134760083625
-0.01440405298013245,0.3569995387453874,0.006709246713275953,-0.0019609655148326546,0.0206452643125,0.016511966750000003,-0.00949871415,0.004889565262500001,0.0057632321,0.00086825674
-0.014632688741721854,0.35069102774361083,0.006667968855715815,-0.0019757383595159065,0.0223740409375,0.0180636835,-0.009643459775,0.0049550502,0.00565560735,0.00053348738
-0.014861324503311258,0.3475660277436108,0.006521671781723842,-0.002039062615971627,0.024143441875,0.01997420425,-0.008952654525,0.005067932275,0.005550512725000001,0.00029150984375
-0.015089960264900662,0.34480319803198034,0.006393458020457998,-0.0021224256057587225,0.02564842075,0.022004319374999998,-0.0048670334,0.005144278375,0.0054329694625,0.00028036338125000005
-0.015318596026490062,0.34327208897088973,0.006393537231996667,-0.002176348876315186,0.027130410375,0.024130056750000003,-0.0013535744750000005,0.0051739013624999995,0.0053438433,0.00022094550625
-0.015547231788079473,0.34305171176711763,0.006457160027775704,-0.002230071027998932,0.028460847875,0.0260197335,0.0019472086499999998,0.0051442493875,0.0052413624875,0.00024361373125
-0.015775867549668872,0.3434852056853902,0.006344443984864697,-0.0022507498194355366,0.029753048875,0.0276777235,0.00422330525,0.0051113469625,0.0051202550500000004,0.000257471605
-0.01600450331125828,0.3445999043323767,0.005966059879911609,-0.002290247089210733,0.030964700125,0.029039038125000003,0.008671902125,0.005066558424999999,0.0050244252,0.00026137122000000003
-0.01623313907284768,0.34848341191745247,0.005318140111544946,-0.0022911627354145546,0.032158368875,0.030077127625000005,0.01270902375,0.0050329932624999995,0.004949712825000001,0.00035175323500000004
-0.016461774834437087,0.35309980183135165,0.005146841308248691,-0.002249456004949614,0.033260035125,0.030861728625000005,0.01635993875,0.00498195155,0.0048400664500000004,0.00048033350750000003
-0.016690410596026488,0.3594860427770944,0.0050499546462395625,-0.0021288331129600273,0.034410102250000005,0.031377213375,0.0183559428125,0.0049205708125,0.004751572162500001,0.00066687799375
-0.01691904635761589,0.3665436654366543,0.005275782021918904,-0.0019258293936537279,0.035601878375,0.032085524625,0.0166571041875,0.004871623412500001,0.0047262520625,0.0005738566762500001
-0.017147682119205296,0.37544972324723247,0.005737118725731418,-0.0015925478512137847,0.036879762999999996,0.0330396795,0.0154811825625,0.00492403155,0.004779515025,0.000478645957375
-0.017376317880794703,0.3849195366953669,0.006002883511556982,-0.0011066128128063984,0.03830708075,0.034693211625,0.014064703062500001,0.005028299725,0.004876854275,0.00022352958237499998
-0.017604953642384104,0.39712228372283725,0.005861085515238568,-0.0005460789786677312,0.039924489,0.03688490825,0.010261423687499998,0.0050998738375,0.0051304253,-7.397381262500002e-05
-0.01783358940397351,0.4097017220172202,0.006247251815838084,-0.00028212348160681797,0.03556797775,0.032999791625,0.0071719205625,0.004503175,0.0045471229000000005,-8.691161762499998e-05
-0.018062225165562912,0.42558425584255843,0.006331268681154042,-2.4906143762419986e-05,0.031094223500000004,0.029105145875000002,0.0050110584375,0.0039046354624999997,0.0039602454,-0.000158119836375
-0.018290860927152312,0.4432080258302583,0.006271637385899834,0.00021911300767198626,0.026432357250000003,0.025155491625,0.0027498509375,0.0032954878625,0.003402515525,-0.000258998873875
