x, y
2.653247251014817731e+00,4.342093696161034022e-01
5.543646423061718842e+00,1.835250142721999989e-01
5.522140936902559361e+00,1.814437343406049008e-01
7.365888202065788981e+00,1.194918680350846862e-01
7.910601122640463778e+00,1.448603399435460792e-01
7.408638044819364055e+00,1.208723908257319374e-01
1.996211611647390916e+00,5.368220773037764015e-01
2.554932186416878359e+00,2.969950209964909993e-01
2.718748255704447558e+00,3.557785413426191035e-01
2.423722049716154459e+00,2.543447669481935791e-01
3.089319156850997672e+00,2.395323223157055370e-01
2.936850204375148543e+00,2.077545494455889097e-01
3.415516991553637638e+00,1.877978109794792572e-01
3.350331896592980030e+00,1.773869931884498596e-01
3.762745229804238534e+00,1.637786456166420157e-01
1.434153723313626116e+00,3.326276939051011072e-01
1.743211590144565726e+00,2.715411853398744246e-01
2.369008075312220019e+00,3.862892708517292051e-01
2.860554776137079092e+00,3.105188062726921827e-01
2.401839772048197208e+00,1.856426623438398038e-01
2.511211891855305467e+00,2.129178304326135862e-01
1.112565098902070337e+00,4.246773843598614095e-01
1.334529217881772478e+00,3.675281657245057509e-01
1.721175803258801373e+00,4.757770489050565099e-01
1.765239849691951690e+00,3.862889787208505510e-01
1.655035535222411092e+00,3.212846494581200751e-01
1.434153303025925474e+00,5.793387560474565490e-01
1.068066080297489284e+00,2.427084899999289447e-01
1.511537931831483883e+00,4.802629702692906566e-01
1.334529217881772478e+00,4.228091315856988830e-01
3.023994491108112026e+00,2.238464197965031599e-01
2.904157336398568212e+00,2.009591487789080255e-01
4.174211325056272237e+00,1.603026592415636442e-01
4.066016881968314678e+00,1.493623355766064420e-01
4.951573523121746589e+00,1.284567486300831896e-01
5.758612910510264804e+00,1.197658993008287875e-01
1.721177172348821616e+00,3.140456301273156781e-01
1.864302168594480946e+00,3.962191058684378930e-01
2.105999169879935184e+00,2.169190885260166846e-01
2.073076125882304943e+00,2.058668093548170486e-01
2.434662968949960149e+00,1.773867919653809855e-01
2.740575885528409916e+00,1.577686712395060253e-01
3.230756944950302856e+00,1.739489762548611929e-01
1.201453277742699388e+00,3.814645829007781708e-01
2.128000932073052187e+00,3.572152405836491185e-01
2.128000932073052187e+00,3.572152405836491185e-01
1.223653481583287572e+00,9.680963759040058791e-01
1.012388312795956979e+00,5.560518015061378660e-01
1.079195041181381098e+00,3.879175254418965602e-01
1.434154203642576730e+00,4.100737394137919378e-01
1.101444626166725449e+00,3.391933251843207153e-01
1.212554552691096577e+00,3.200605895800778256e-01
5.962673289242910180e+00,1.024330498115471194e-01
7.686408941090052238e+00,7.733866159498441195e-02
9.465824543337010510e+00,7.431915749607258259e-02
1.185237185124984904e+01,6.271883986518730913e-02
5.005459167609786597e+00,1.162744554069957276e-01
6.198772600941230948e+00,1.020011277563888513e-01
7.291061768001441123e+00,9.662854868046301393e-02
8.156000963129255155e+00,8.881401778357109200e-02
5.797398330545555645e+00,1.046350858370397457e-01
4.846822990926852981e+00,1.046350858370397457e-01
6.571427531447018744e+00,1.005110464604906523e-01
6.989982177075919623e+00,8.777650727224166338e-02
7.605853239354970263e+00,8.526139563401745336e-02
8.187769267145794672e+00,8.380448118191508033e-02
8.659250890398105582e+00,8.039811284265535596e-02
9.064513596948664542e+00,7.677605223988200056e-02
9.589700241212840481e+00,7.649705073648124798e-02
1.011428393134996284e+01,7.677605223988200056e-02
1.051826183054989095e+01,7.526029813476640962e-02
4.902274982312319729e+00,1.181351082660465068e-01
5.500378060470930919e+00,1.104646093516666455e-01
6.196456622866980624e+00,1.119370589133547450e-01
7.539918792433273786e+00,1.168016149117359209e-01
3.935342383648865905e+00,1.532785741982517491e-01
5.809959253140540625e+00,1.824798545829595109e-01
8.757862143992729997e+00,8.625414100838728337e-02
1.129255592969215094e+01,8.559038738132830615e-02
1.080193408780145070e+01,7.566917625537207537e-02
1.486709708564197996e+01,7.526032659254559831e-02
1.514874736488528129e+01,7.935823722174860373e-02
2.194412958955336990e+01,6.785530695851585414e-02
3.253717280408192636e+01,6.365579814323062136e-02
2.727807980753587547e+00,1.660095758114900344e-01
3.288000450644523287e+00,1.682867388475988990e-01
3.556161290009163256e+00,1.419724037920910009e-01
4.324872641663074724e+00,1.367877082933285637e-01
5.157195723305012081e+00,1.211515120712981786e-01
5.633096086843736749e+00,1.142023702124413953e-01
6.086076850776145797e+00,1.099805216840133576e-01
3.544997415845321243e+00,1.260481652150588772e-01
4.224780591009444031e+00,1.293784025863176368e-01
4.702574718913340668e+00,1.181353316152388422e-01
5.245803662995389693e+00,1.170667320944615286e-01
6.163344598208466252e+00,1.094995077261584626e-01
3.779304517185729573e+00,1.894395472679502035e-01
4.202530797323883682e+00,1.725071589117992688e-01
4.724769762172211784e+00,1.729859522297988172e-01
2.817588810073898387e+00,3.047731582694004349e-01
3.131362855741124385e+00,2.937540795845383634e-01
7.506937108950065607e+00,8.812050169763337160e-02
1.014703969434212816e+01,6.261621192241410838e-02
1.285962770545837763e+01,6.570477414196310151e-02
1.905380289994148102e+00,3.212856213447493614e-01
2.503079434449614116e+00,2.021699972002021506e-01
3.164941496632155182e+00,1.615933984843286597e-01
3.667767788072055168e+00,1.384837834499237919e-01
1.485826019292967093e+00,3.082016252076215657e-01
2.063601572823827723e+00,2.189635580698091055e-01
2.750259007066085726e+00,1.973946467652109571e-01
3.321545003958643161e+00,1.489796826701995924e-01
1.417572641488932694e+00,3.767329170256580873e-01
1.848807622062598854e+00,2.259910417116113290e-01
2.322994089224760028e+00,2.560766720660216378e-01
2.503079434449614116e+00,2.122625276496333535e-01
3.131362855741124385e+00,1.749215284024554506e-01
3.086580152964957691e+00,2.926858127736725601e-01
3.287999487075468963e+00,2.650065798957038643e-01
3.623133082760706891e+00,2.744178045747140970e-01
1.724216712100602011e+00,3.996169825765802930e-01
1.916690282972388193e+00,2.959091498046464430e-01
2.131331371609874292e+00,2.543453439930009052e-01
2.491832211968964206e+00,2.773401033874524635e-01
1.200881563776176222e+02,2.880999048847623922e-02
1.056416725315354626e+02,2.981180061715480584e-02
9.439604830629048138e+01,3.062246118216447113e-02
8.346432870671100090e+01,3.113387270783372560e-02
7.106128991022485764e+01,3.244627686332448441e-02
1.894999442658713633e+02,2.550285111589974466e-02
1.646978749639117154e+02,2.642022417134285567e-02
1.427644831787550288e+02,2.730556510448243698e-02
1.231343115518402129e+02,2.816688629440758374e-02
1.076616636681522579e+02,2.893676703728609648e-02
3.389176430267425530e+02,2.156018789073390132e-02
2.935893918259918678e+02,2.262968197555054531e-02
2.512968741968524853e+02,2.357911004424302973e-02
2.210953618528367315e+02,2.428365402186996244e-02
1.862324900940145085e+02,2.484999893740094667e-02
5.122356654783648082e+02,2.009522270995843518e-02
4.655747837404893517e+02,2.032665053772620897e-02
4.176661397605483330e+02,2.067732534598306152e-02
3.794871604423386771e+02,2.113359209405397607e-02
3.242182447003667676e+02,2.204071919837295029e-02
1.119082688372916209e+03,1.711540243297681937e-02
1.023164897438981484e+03,1.709257883906462744e-02
9.286354710846949274e+02,1.743227066345780230e-02
8.228376922500058299e+02,1.782297602858796265e-02
7.318143222434400741e+02,1.830591940953308835e-02
1.811903594563049467e+02,2.547886034148541881e-02
1.653209893677269235e+02,2.636067024938164305e-02
1.492201424380390336e+02,2.686249211691921213e-02
1.297172741251498849e+02,2.753835631219294158e-02
2.335340319645139928e+01,4.617845086089150675e-02
2.310049405790975996e+01,4.617845086089150675e-02
3.078997018714943223e+01,3.978571572396628203e-02
3.257799552434111945e+01,3.335713226753855842e-02
3.436395064197371596e+01,3.871692805437930429e-02
3.436395064197371596e+01,3.978571572396628203e-02
4.072723295744162186e+01,3.657631591482671252e-02
4.250508654201186687e+01,3.764715952934450521e-02
4.402769970459532800e+01,4.085350229173251996e-02
4.402769970459532800e+01,4.192031040415011151e-02
4.934844248603810257e+01,3.764713105871739240e-02
5.162503502366129737e+01,3.871692805437930429e-02
5.187783145452595335e+01,3.443133851287350639e-02
5.718132011719182373e+01,3.657631591482671252e-02
1.665666984076451840e+01,5.465539619491761869e-02
1.761582165345832252e+01,5.148230130180025260e-02
2.220551780096427663e+01,5.676726631324290062e-02
2.411177977679346895e+01,4.298619663434441462e-02
2.601489010639178545e+01,5.148230130180025260e-02
2.620503372350937710e+01,4.192034210636724767e-02
2.772519064340338701e+01,4.724086707710938721e-02
2.943328413569528479e+01,4.298619663434441462e-02
3.151815035321330072e+01,4.511527041733272292e-02
3.227554853719527017e+01,4.405120887989699696e-02
3.284336388246364180e+01,4.724086707710938721e-02
3.397836999438219863e+01,4.617846832210529412e-02
3.549049001483240318e+01,4.298619663434441462e-02
3.851075168821660100e+01,4.405117556621394176e-02
1.160606346626546781e+01,6.203529196900500059e-02
1.235347863285264935e+01,6.098295765678837799e-02
1.295072352411706973e+01,5.993000302429291742e-02
1.622593806196431743e+01,5.148230130180025260e-02
1.711665529776667682e+01,4.936315206292168217e-02
1.903762302868601353e+01,5.148230130180025260e-02
1.815459400415403479e+01,5.148230130180025260e-02
1.948728193383394114e+01,5.782216987013235471e-02
2.170425607505048760e+01,5.571167638090113172e-02
2.332699106085079777e+01,4.936313339750070944e-02
2.362177568682791673e+01,4.617846832210529412e-02
2.553604482572491818e+01,4.830240504509138166e-02
2.612443488779842582e+01,3.978573076792883689e-02
2.818165805991299777e+01,5.042310727421146083e-02
1.056674114044678880e+01,7.043256828842345274e-02
1.098475874136791752e+01,7.252634293127298293e-02
1.161116546032509156e+01,5.148230130180025260e-02
1.265362340029020416e+01,6.623853025979452303e-02
1.296600478327900419e+01,5.676726631324290062e-02
1.421398967590604911e+01,6.203529196900500059e-02
1.504469086538103539e+01,5.465539619491761869e-02
1.525221451391280247e+01,6.098295765678837799e-02
1.608172839177172264e+01,5.676726631324290062e-02
1.691034784552072878e+01,5.359842607088104172e-02
1.711736473846444540e+01,5.465539619491761869e-02
1.804830996906419927e+01,5.887641417921087722e-02
1.846174393256352531e+01,5.571167638090113172e-02
1.856506786417676480e+01,5.465539619491761869e-02
7.802332104717272010e+00,8.400629459309062741e-02
7.424936454069360536e+00,8.400629459309062741e-02
8.181732694874103373e+00,8.504714407812047350e-02
8.710609065785844152e+00,7.775171607143610553e-02
9.389612470987122705e+00,7.879529583506338086e-02
9.389612470987122705e+00,7.566302484358619629e-02
9.841707426307012341e+00,6.938484177168094402e-02
1.014285959840314177e+01,6.728780877124861115e-02
1.081977959022087177e+01,7.566299623353703319e-02
1.097008507610412664e+01,7.147962659935130914e-02
1.112034658332566650e+01,7.357233330853095443e-02
1.179600827092902371e+01,6.518850516441160314e-02
1.209603846775764424e+01,7.043243512709891629e-02
1.284544031778419360e+01,6.098284236110036033e-02
5.636650703397505069e+00,1.230886263416176157e-01
7.559431905266008833e+00,1.075218076999741867e-01
8.167917473787065674e+00,1.024731845016383924e-01
9.643992194637501569e+00,9.215630835044284763e-02
1.128790771631262047e+01,8.519500825664842736e-02
1.275473103159631449e+01,8.075446459563576096e-02
1.378754956095024831e+01,6.993675062753290650e-02
1.447553830611061088e+01,7.595044238245153567e-02
1.533430783667860453e+01,7.021624748533787652e-02
1.679225051944209923e+01,7.001467396940672105e-02
1.781934818246251240e+01,6.523044724766159652e-02
1.893055158840774510e+01,6.272780497970080471e-02
2.021190593504060118e+01,6.275549107813351013e-02
2.166178183130877244e+01,6.471988746490955902e-02
2.251351304962772204e+01,6.099142095550386111e-02
2.421497336381313303e+01,6.566674807552921878e-02
2.506475421104788381e+01,6.265621469716810277e-02
4.582963854690684791e+00,1.572782257890650015e-01
5.812741554706920333e+00,1.349434568781160415e-01
6.424431797199577687e+00,1.317494528464611125e-01
7.907256262087059895e+00,1.094195021417691260e-01
9.297636809605476671e+00,8.994776067793681940e-02
1.042341724973327644e+01,8.936942634821283538e-02
1.197870346053823454e+01,8.477753805483041749e-02
1.249652203461687705e+01,7.747464702470016618e-02
1.370162816592560162e+01,7.778150381420705084e-02
1.490558085677511535e+01,7.881138647724453272e-02
1.533430783667860453e+01,7.328856654161719497e-02
1.653447999880823360e+01,7.100271726621605606e-02
1.730542857826970504e+01,7.037958996590909511e-02
3.417150485059990306e+00,1.855243494933188630e-01
3.240142455635639962e+00,2.052489618467833732e-01
3.768423353958472610e+00,1.601273976992597659e-01
4.645907894902984836e+00,1.539081326871100663e-01
5.344713747644433077e+00,1.425373602300004927e-01
5.475586806602103174e+00,1.241465979140771170e-01
5.780344989777105980e+00,1.207516076418946593e-01
6.241172635600219287e+00,1.177705855745129204e-01
7.084389521634900433e+00,1.199536680536095606e-01
7.517547755688903877e+00,1.051202863861369491e-01
7.863269146987824421e+00,9.656484804935963617e-02
8.122885000277115353e+00,1.014914414587915897e-01
8.641603605151919609e+00,9.630241728269178791e-02
8.815076888887265483e+00,8.965919511817305176e-02
9.331866231994069949e+00,9.206947678029900328e-02
9.590570276050202736e+00,9.105268833468979639e-02
1.027938391870184631e+01,9.088201048583668951e-02
1.053757033864429715e+01,8.447265348913465810e-02
1.096829822298979096e+01,8.540969690435709638e-02
1.113984948467393465e+01,8.435675460078818910e-02
1.139760579293199605e+01,7.838591474950974691e-02
1.199786065991797912e+01,8.033490464565271050e-02
1.242744189110564079e+01,7.878704320641659320e-02
1.302663953131781938e+01,8.092389900628654820e-02
1.328356181600196351e+01,7.665375539788284176e-02
2.666145187613818912e+00,2.201706370611693220e-01
3.417152630955146098e+00,1.757816319534298566e-01
4.031970286586510355e+00,1.638785671473411976e-01
4.820533292022497918e+00,1.400953258376078370e-01
5.606393980357546880e+00,1.323470724082678462e-01
6.302630813529770393e+00,1.251074627687896734e-01
7.170416412521470662e+00,1.094489231602812918e-01
7.690446249629056652e+00,1.032847344222214553e-01
8.296578254015361864e+00,1.024387823761612887e-01
8.728347207369401062e+00,9.649706618879605458e-02
9.331863497232426141e+00,9.743488199856395471e-02
9.849122546047572868e+00,9.606263669439668584e-02
1.071032860454668523e+01,9.043800666131306121e-02
2.444205430959213388e+00,2.273660413297751981e-01
3.636509927246367013e+00,1.907454335542791424e-01
4.383169896918974295e+00,1.500199354851113331e-01
4.820533292022497918e+00,1.390547313097605653e-01
5.082765441100701054e+00,1.321728849638006131e-01
5.823546169464837163e+00,1.276929404483412023e-01
6.519262500081295819e+00,1.246920013634749969e-01
7.084389521634900433e+00,1.173673281300432331e-01
7.344563595318847504e+00,1.109214643845218423e-01
7.603470235739108851e+00,1.112140184563394779e-01
8.296578254015361864e+00,1.000687619034361514e-01
8.815074305573968871e+00,1.109137892385149982e-01
9.246307684239861047e+00,1.055362013487802647e-01
2.356192643289350297e+00,2.532111967784453910e-01
3.417151629537237945e+00,1.975459249003347906e-01
4.120098469107722927e+00,1.555198841190184311e-01
4.470058946650910414e+00,1.549333455911661439e-01
4.951682770654426413e+00,1.383529349763341632e-01
5.518832970839773644e+00,1.355901160935615579e-01
5.745777625983738091e+00,1.219536845293459210e-01
5.998436285600373452e+00,1.211806967934501156e-01
6.563426862929588879e+00,1.165407115622383444e-01
7.084382700085034124e+00,1.122719779580165778e-01
7.603462914367071335e+00,1.097877302140393002e-01
8.037071837941457630e+00,1.048243384174283727e-01
8.469117519848351705e+00,1.092931355792572945e-01
2.444202361147874925e+00,2.366964629398899955e-01
3.152654621391699052e+00,1.853235448363725613e-01
3.856673614098056202e+00,1.749331698066923513e-01
4.557997732102102795e+00,1.424162515031754395e-01
4.993634168312749644e+00,1.424162515031754395e-01
5.222426993167117004e+00,1.378344245089649922e-01
5.431242974617489949e+00,1.330445612481580830e-01
5.692837849166789255e+00,1.240980215303802009e-01
6.128993992460483042e+00,1.138704328855902476e-01
6.824005074606138699e+00,1.206590919856069949e-01
