xi,xi_z,(8/f)^0.5
1.647,6.640,6.210
1.765,7.190,6.560
1.020,4.170,3.690
1.490,6.100,5.830
1.333,5.490,5.460
1.176,4.870,4.890
1.236,4.490,4.930
1.081,3.970,4.200
1.467,5.450,6.000
1.390,5.160,5.370
1.660,6.180,6.760
1.506,5.610,6.850
0.888,3.340,3.100
1.094,4.790,3.950
0.943,4.160,3.150
1.283,5.680,6.170
1.245,5.540,5.310
1.208,5.400,4.360
1.208,4.630,4.740
1.509,5.800,5.900
1.434,5.550,5.420
0.524,2.840,2.070
1.218,4.650,3.620
0.893,4.880,5.300
1.120,4.020,4.410
1.283,4.990,5.320
0.796,4.360,3.380
1.550,5.940,6.180
1.094,4.280,4.190
1.483,5.240,5.030
0.710,4.510,4.180
1.583,5.730,6.340
0.943,3.720,3.090
1.027,3.640,3.670
0.558,2.790,2.420
0.818,4.130,4.230
0.837,2.980,2.980
1.429,5.190,5.370
0.680,3.750,2.800
0.835,4.620,4.830
0.835,4.620,3.850
0.959,3.720,2.890
1.521,5.440,5.550
0.892,4.520,5.280
1.351,4.950,6.870
1.365,5.330,5.240
1.292,5.040,4.620
0.633,4.070,3.510
0.892,4.550,4.450
0.965,3.540,3.330
0.706,3.610,3.110
0.743,3.790,3.740
1.365,5.330,6.360
1.217,4.370,3.970
1.331,4.780,4.680
0.929,4.740,5.790
0.787,5.090,5.350
1.236,4.570,5.080
0.441,2.870,3.130
0.749,4.870,4.930
0.767,3.970,3.310
0.813,4.230,4.010
0.609,3.160,2.310
0.948,4.990,4.890
0.858,4.520,4.890
1.038,5.460,5.140
0.618,3.060,2.370
0.916,4.570,4.250
0.976,4.880,5.460
0.956,4.790,4.830
0.800,5.020,5.460
0.757,3.800,3.140
0.733,4.590,4.880
0.837,4.210,3.780
0.689,4.360,4.000
0.533,3.390,2.900
1.102,3.870,3.520
1.260,4.420,4.200
0.598,3.870,2.530
0.866,5.630,4.940
0.784,5.110,4.680
0.977,5.110,3.690
0.722,4.710,4.170
1.074,5.640,4.550
0.660,4.340,3.470
0.742,3.900,2.380
0.664,3.510,1.530
0.945,3.360,2.380
0.898,4.740,3.430
0.840,4.430,2.890
1.035,5.500,3.890
1.074,5.690,4.990
1.417,5.060,5.190
1.299,4.660,4.840
0.483,3.550,2.970
0.618,4.550,4.230
0.695,5.140,5.230
0.579,4.280,3.370
0.637,4.720,4.830
0.923,4.280,4.640
1.077,4.910,5.630
1.038,4.760,5.010
0.734,3.430,3.160
0.829,3.870,3.570
0.960,4.510,5.170
0.640,3.030,2.660
0.904,4.260,3.880
0.885,4.140,2.390
0.885,4.120,4.380
21.149,124.405,11.999
21.298,125.285,12.100
20.470,136.468,12.692
21.839,136.492,13.179
0.643,1.894,1.179
0.870,2.566,1.495
1.018,2.999,2.366
1.109,3.270,3.118
1.077,2.205,1.261
1.362,2.787,1.774
1.640,3.357,2.684
1.918,3.924,3.186
0.805,2.202,2.079
1.108,3.029,2.577
1.434,3.923,3.498
1.651,4.515,4.249
0.673,2.000,1.640
0.739,2.195,2.854
0.941,2.795,3.972
1.130,3.358,4.523
7.225,40.942,9.409
8.164,37.193,10.840
5.958,32.262,11.044
6.683,29.125,9.547
6.715,30.094,9.216
7.344,30.234,10.609
7.349,30.921,10.583
5.980,32.580,9.958
3.734,16.595,6.396
4.287,16.602,6.678
3.811,14.713,10.302
1.678,3.894,4.243
1.640,4.058,4.309
2.411,4.813,4.351
2.379,4.707,4.642
1.870,3.695,5.099
1.922,4.025,5.116
1.917,4.195,5.240
1.566,3.781,5.313
2.174,4.709,5.420
2.148,5.138,5.794
1.876,4.635,6.193
1.854,4.240,6.269
1.333,3.687,6.432
1.440,4.525,6.777
1.912,4.669,7.115
12.987,18.013,9.440
16.943,23.501,9.844
20.494,28.426,9.725
22.550,31.279,10.156
27.889,38.683,10.637
30.428,42.206,10.906
33.659,46.687,10.956
13.165,17.366,9.214
16.967,22.381,9.453
20.439,26.961,10.116
22.705,29.949,10.229
27.838,36.721,11.256
30.343,40.026,10.991
33.576,44.291,11.183
13.148,16.204,8.697
16.994,20.943,9.019
20.539,25.312,9.182
22.697,27.971,9.607
27.877,34.355,10.380
30.538,37.635,10.401
33.570,41.371,10.995
4.000,20.000,7.712
4.640,23.200,8.430
5.360,26.800,8.698
6.560,32.800,9.398
7.920,39.600,9.789
9.280,46.400,10.196
10.560,52.800,10.549
12.000,60.000,10.955
13.280,66.400,11.246
14.640,73.200,11.442
15.920,79.600,11.708
18.640,93.200,12.124
21.280,106.400,12.483
3.360,16.800,7.244
4.000,20.000,7.647
4.640,23.200,8.273
5.360,26.800,8.607
6.640,33.200,9.250
8.000,40.000,9.735
9.360,46.800,10.151
10.640,53.200,10.532
11.920,59.600,10.864
13.200,66.000,11.209
14.640,73.200,11.414
15.920,79.600,11.726
18.560,92.800,12.110
2.640,13.200,6.540
3.200,16.000,7.175
3.840,19.200,7.711
4.480,22.400,8.241
5.200,26.000,8.675
6.560,32.800,9.201
7.840,39.200,9.700
9.200,46.000,10.110
10.560,52.800,10.486
11.920,59.600,10.877
13.280,66.400,11.138
14.640,73.200,11.393
15.920,79.600,11.624
4.000,20.000,8.515
4.640,23.200,8.839
5.280,26.400,9.165
6.640,33.200,9.677
7.920,39.600,10.187
9.360,46.800,10.568
10.640,53.200,11.092
11.920,59.600,11.385
13.280,66.400,11.575
14.720,73.600,11.862
16.000,80.000,12.053
18.720,93.600,12.428
21.360,106.800,12.762
3.440,17.200,7.768
4.080,20.400,8.344
4.720,23.600,8.680
5.280,26.400,8.976
6.560,32.800,9.577
7.920,39.600,10.052
9.280,46.400,10.443
10.640,53.200,10.778
11.920,59.600,11.192
13.280,66.400,11.503
14.640,73.200,11.705
16.000,80.000,11.985
18.720,93.600,12.301
2.640,13.200,7.258
3.200,16.000,7.707
3.920,19.600,8.279
4.560,22.800,8.704
5.200,26.000,9.066
6.640,33.200,9.506
7.920,39.600,9.915
9.200,46.000,10.346
10.560,52.800,10.763
11.920,59.600,11.151
13.280,66.400,11.428
14.640,73.200,11.543
16.080,80.400,11.955
4.000,20.000,9.405
4.640,23.200,9.789
5.280,26.400,10.229
6.560,32.800,10.851
8.000,40.000,11.359
9.280,46.400,11.891
10.640,53.200,12.245
11.840,59.200,12.562
13.200,66.000,12.771
14.480,72.400,13.107
15.920,79.600,13.331
18.640,93.200,13.594
21.280,106.400,13.949
3.440,17.200,9.107
4.000,20.000,9.536
4.720,23.600,10.013
5.360,26.800,10.286
6.640,33.200,10.893
7.920,39.600,11.401
9.280,46.400,11.867
10.560,52.800,12.300
11.920,59.600,12.614
13.280,66.400,12.833
14.560,72.800,13.093
15.920,79.600,13.322
2.480,12.400,8.188
3.120,15.600,9.092
3.920,19.600,9.556
4.560,22.800,9.982
5.200,26.000,10.297
6.560,32.800,10.859
7.920,39.600,11.506
9.200,46.000,11.928
10.560,52.800,12.310
11.920,59.600,12.666
13.280,66.400,12.942
14.640,73.200,13.177
15.920,79.600,13.362
4.800,24.000,8.071
5.360,26.800,8.495
6.080,30.400,8.936
6.720,33.600,9.229
7.440,37.200,9.458
8.080,40.400,9.795
8.800,44.000,9.826
9.360,46.800,10.158
10.080,50.400,10.433
10.800,54.000,10.439
11.520,57.600,10.716
12.000,60.000,10.591
12.640,63.200,10.956
13.440,67.200,10.889
14.000,70.000,10.991
14.720,73.600,11.114
15.440,77.200,11.376
16.000,80.000,11.230
4.080,20.400,7.570
4.720,23.600,8.040
5.360,26.800,8.495
6.080,30.400,8.894
6.800,34.000,9.202
7.440,37.200,9.386
8.080,40.400,9.632
8.800,44.000,9.763
9.440,47.200,10.163
10.080,50.400,10.168
10.800,54.000,10.313
11.520,57.600,10.465
12.160,60.800,10.763
12.800,64.000,10.628
13.440,67.200,10.877
3.440,17.200,7.321
4.080,20.400,7.574
4.720,23.600,8.080
5.440,27.200,8.439
6.080,30.400,8.785
6.800,34.000,9.106
7.440,37.200,9.417
8.160,40.800,9.607
8.880,44.400,9.745
9.440,47.200,10.018
10.160,50.800,10.084
10.720,53.600,10.292
11.520,57.600,10.484
12.080,60.400,10.529
4.080,20.400,8.081
4.800,24.000,8.630
5.360,26.800,9.065
6.080,30.400,9.153
6.640,33.200,9.402
7.360,36.800,9.753
8.080,40.400,9.834
8.720,43.600,9.979
9.280,46.400,10.103
10.080,50.400,10.314
10.720,53.600,10.592
11.440,57.200,10.454
12.080,60.400,10.731
12.800,64.000,10.891
13.440,67.200,11.090
14.080,70.400,11.203
14.720,73.600,11.148
15.360,76.800,11.235
15.920,79.600,11.270
3.440,17.200,7.623
4.160,20.800,8.270
4.720,23.600,8.533
5.360,26.800,8.823
6.080,30.400,9.129
6.800,34.000,9.295
7.440,37.200,9.741
8.160,40.800,9.881
8.720,43.600,10.079
9.440,47.200,10.321
10.080,50.400,10.408
10.800,54.000,10.545
11.520,57.600,10.658
12.160,60.800,10.920
12.800,64.000,10.833
13.440,67.200,10.878
2.800,14.000,6.885
3.520,17.600,7.344
4.080,20.400,8.078
4.800,24.000,8.418
5.520,27.600,8.649
6.160,30.800,9.024
6.800,34.000,9.168
7.520,37.600,9.566
8.160,40.800,9.744
8.800,44.000,10.021
9.440,47.200,9.988
10.160,50.800,10.251
10.800,54.000,10.336
11.520,57.600,10.526
12.000,60.000,10.660
3.920,19.600,9.451
4.640,23.200,9.978
5.280,26.400,10.179
6.080,30.400,10.723
6.560,32.800,10.787
7.440,37.200,11.179
8.000,40.000,11.399
8.720,43.600,11.582
9.360,46.800,11.677
10.000,50.000,11.864
10.720,53.600,11.864
11.360,56.800,11.968
11.920,59.600,12.095
12.720,63.600,12.300
13.360,66.800,12.397
14.000,70.000,12.420
14.560,72.800,12.497
15.200,76.000,12.491
3.360,16.800,8.936
4.000,20.000,9.377
4.640,23.200,9.875
5.360,26.800,10.237
6.000,30.000,10.472
6.640,33.200,10.786
7.360,36.800,11.046
8.000,40.000,11.295
8.720,43.600,11.488
9.280,46.400,11.767
10.080,50.400,11.760
10.720,53.600,11.908
11.440,57.200,12.071
12.080,60.400,11.994
12.560,62.800,12.165
2.560,12.800,8.177
3.360,16.800,9.173
4.000,20.000,9.642
4.720,23.600,10.005
5.360,26.800,10.490
6.080,30.400,10.790
6.720,33.600,10.897
7.200,36.000,11.150
8.080,40.400,11.422
8.720,43.600,11.421
9.360,46.800,11.558
2.385,39.742,7.313
2.729,45.477,8.152
2.986,49.761,7.244
3.204,53.403,8.607
3.852,64.203,10.034
4.955,82.575,11.063
6.145,102.413,12.812
6.902,115.035,11.905
1.220,5.128,4.260
0.556,1.235,1.202
0.476,1.058,0.980
0.460,1.023,0.893
0.421,0.935,0.731
0.317,0.705,0.779
0.302,0.670,0.720
0.317,0.705,0.670
0.468,1.041,1.014
1.016,2.257,2.065
0.532,1.182,1.373
0.976,2.169,1.902
0.667,1.481,1.786
0.635,1.411,1.708
0.700,1.059,2.242
0.685,1.036,2.125
0.631,0.954,1.575
0.600,0.908,1.558
0.546,0.826,1.434
0.346,0.524,1.163
0.354,0.535,1.150
0.331,0.500,1.190
0.400,0.605,1.256
1.115,1.687,3.017
0.823,1.245,2.295
1.062,1.606,2.799
0.862,1.303,2.307
0.762,1.152,2.116
0.478,1.360,1.375
0.421,1.198,1.444
0.400,1.138,1.353
0.384,1.094,1.095
0.260,0.739,0.933
0.265,0.754,0.752
0.540,1.538,1.857
0.987,2.809,2.611
0.488,1.390,1.671
0.740,1.217,1.849
0.730,1.201,1.554
0.690,1.135,1.273
0.690,1.135,1.207
0.400,0.658,1.414
0.410,0.674,1.171
0.570,0.938,1.963
0.800,1.316,3.131
0.690,1.135,2.697
0.737,1.707,2.048
0.671,1.553,1.577
0.643,1.489,1.683
0.620,1.435,1.418
0.569,1.317,1.282
0.420,0.972,1.202
0.435,1.008,1.348
0.733,1.698,2.372
0.537,1.244,2.081
0.651,1.507,2.228
0.627,1.453,2.196
0.561,1.299,2.019
0.658,1.448,1.998
0.677,1.488,1.818
0.728,1.601,3.153
0.753,1.656,3.536
0.756,1.664,3.676
0.757,1.666,3.398
0.760,1.672,3.187
0.765,1.684,3.958
0.767,1.687,3.611
0.779,1.715,3.408
0.855,1.881,4.842
0.873,1.921,4.946
0.874,1.922,5.465
0.900,1.981,5.438
0.908,1.997,5.189
0.503,2.576,1.789
0.650,3.415,1.799
0.505,2.525,1.803
0.456,2.416,1.936
0.626,3.279,1.973
0.619,3.246,2.088
0.609,3.193,2.115
0.789,4.145,3.578
1.237,6.461,4.349
0.844,4.373,4.426
1.285,6.724,4.651
1.109,5.811,4.749
0.817,4.271,4.761
0.844,4.428,5.405
1.307,6.844,5.440
1.373,7.218,5.652
1.328,6.984,5.934
1.375,7.200,5.979
0.860,4.513,6.131
0.846,4.437,6.618
0.404,2.021,1.425
0.408,1.926,1.470
0.386,2.406,1.614
0.467,2.364,1.860
0.558,2.789,2.896
0.629,3.143,3.222
0.655,3.279,3.281
0.624,3.107,3.320
0.647,3.324,3.564
0.666,3.228,3.568
0.711,3.516,3.657
0.690,3.439,3.687
0.750,3.738,4.089
0.826,4.115,4.436
0.814,4.065,5.037
0.847,4.236,5.319
0.645,1.455,1.588
0.981,2.214,2.384
1.306,2.947,2.273
1.421,3.206,3.169
