,xi,xi_z,(8/f)^0.5,f
0,1.647,6.64,6.21,0.2074468223036451
1,1.765,7.19,6.56,0.18590124925639503
2,1.02,4.17,3.69,0.5875397507362607
3,1.49,6.1,5.83,0.2353709593426089
4,1.333,5.49,5.46,0.26835191670356506
5,1.176,4.87,4.89,0.334558654405092
6,1.236,4.49,4.93,0.3291517348353625
7,1.081,3.97,4.2,0.4535147392290249
8,1.467,5.45,6.0,0.2222222222222222
9,1.39,5.16,5.37,0.2774223304169311
10,1.66,6.18,6.76,0.17506389832288788
11,1.506,5.61,6.85,0.170493899515158
12,0.888,3.34,3.1,0.8324661810613943
13,1.094,4.79,3.95,0.5127383432142285
14,0.943,4.16,3.15,0.8062484252960443
15,1.283,5.68,6.17,0.21014528919932018
16,1.245,5.54,5.31,0.28372718212802484
17,1.208,5.4,4.36,0.42083999663328
18,1.208,4.63,4.74,0.35606829389876976
19,1.509,5.8,5.9,0.22981901752370007
20,1.434,5.55,5.42,0.2723274465216977
21,0.524,2.84,2.07,1.867021400732806
22,1.218,4.65,3.62,0.6104819755196728
23,0.893,4.88,5.3,0.2847988608045568
24,1.12,4.02,4.41,0.411351237395941
25,1.283,4.99,5.32,0.2826615410707219
26,0.796,4.36,3.38,0.7002555932915515
27,1.55,5.94,6.18,0.20946575758527874
28,1.094,4.28,4.19,0.4556820706193288
29,1.483,5.24,5.03,0.3161942855787738
30,0.71,4.51,4.18,0.4578649756186901
31,1.583,5.73,6.34,0.19902675914776743
32,0.943,3.72,3.09,0.837863030341115
33,1.027,3.64,3.67,0.5939609025235913
34,0.558,2.79,2.42,1.3660269107301415
35,0.818,4.13,4.23,0.44710471751365055
36,0.837,2.98,2.98,0.9008603216071348
37,1.429,5.19,5.37,0.2774223304169311
38,0.68,3.75,2.8,1.0204081632653064
39,0.835,4.62,4.83,0.34292229809378066
40,0.835,4.62,3.85,0.5397200202395007
41,0.959,3.72,2.89,0.95784293770429
42,1.521,5.44,5.55,0.25971917863809757
43,0.892,4.52,5.28,0.2869605142332415
44,1.351,4.95,6.87,0.169502658013556
45,1.365,5.33,5.24,0.29135831245265426
46,1.292,5.04,4.62,0.3748055696107644
47,0.633,4.07,3.51,0.6493453786901081
48,0.892,4.55,4.45,0.4039893952783739
49,0.965,3.54,3.33,0.7214421628836043
50,0.706,3.61,3.11,0.8271213076787876
51,0.743,3.79,3.74,0.5719351425548342
52,1.365,5.33,6.36,0.19777698666983107
53,1.217,4.37,3.97,0.5075852267319759
54,1.331,4.78,4.68,0.3652567755131858
55,0.929,4.74,5.79,0.23863429592442453
56,0.787,5.09,5.35,0.2795003930474278
57,1.236,4.57,5.08,0.31000062000124
58,0.441,2.87,3.13,0.8165848380610193
59,0.749,4.87,4.93,0.3291517348353625
60,0.767,3.97,3.31,0.7301868365568039
61,0.813,4.23,4.01,0.49750934384736417
62,0.609,3.16,2.31,1.4992222784430576
63,0.948,4.99,4.89,0.334558654405092
64,0.858,4.52,4.89,0.334558654405092
65,1.038,5.46,5.14,0.3028054928916411
66,0.618,3.06,2.37,1.424273175595079
67,0.916,4.57,4.25,0.4429065743944637
68,0.976,4.88,5.46,0.26835191670356506
69,0.956,4.79,4.83,0.34292229809378066
70,0.8,5.02,5.46,0.26835191670356506
71,0.757,3.8,3.14,0.8113919428780072
72,0.733,4.59,4.88,0.33593120128997583
73,0.837,4.21,3.78,0.5598947397889197
74,0.689,4.36,4.0,0.5
75,0.533,3.39,2.9,0.9512485136741974
76,1.102,3.87,3.52,0.6456611570247934
77,1.26,4.42,4.2,0.4535147392290249
78,0.598,3.87,2.53,1.2498242434657627
79,0.866,5.63,4.94,0.327820485502139
80,0.784,5.11,4.68,0.3652567755131858
81,0.977,5.11,3.69,0.5875397507362607
82,0.722,4.71,4.17,0.4600636037932244
83,1.074,5.64,4.55,0.38642676005313376
84,0.66,4.34,3.47,0.6644021626290393
85,0.742,3.9,2.38,1.412329637737448
86,0.664,3.51,1.53,3.4174889999572815
87,0.945,3.36,2.38,1.412329637737448
88,0.898,4.74,3.43,0.6799887801851269
89,0.84,4.43,2.89,0.95784293770429
90,1.035,5.5,3.89,0.5286774472809458
91,1.074,5.69,4.99,0.3212838502656616
92,1.417,5.06,5.19,0.2969991943896852
93,1.299,4.66,4.84,0.34150672768253537
94,0.483,3.55,2.97,0.9069369338729606
95,0.618,4.55,4.23,0.44710471751365055
96,0.695,5.14,5.23,0.2924735585623462
97,0.579,4.28,3.37,0.7044175787406773
98,0.637,4.72,4.83,0.34292229809378066
99,0.923,4.28,4.64,0.3715814506539834
100,1.077,4.91,5.63,0.2523906123311743
101,1.038,4.76,5.01,0.31872382978553876
102,0.734,3.43,3.16,0.8011536612722319
103,0.829,3.87,3.57,0.6277020612166435
104,0.96,4.51,5.17,0.29930150511244386
105,0.64,3.03,2.66,1.1306461642828876
106,0.904,4.26,3.88,0.5314061005420343
107,0.885,4.14,2.39,1.400535704907127
108,0.885,4.12,4.38,0.41700548362210965
109,21.149,124.405,11.999,0.05556481597235083
110,21.298,125.285,12.1,0.054641076429205654
111,20.47,136.468,12.692,0.049662646607857484
112,21.839,136.492,13.179,0.04606012062880747
113,0.643,1.894,1.179,5.755225924990701
114,0.87,2.566,1.495,3.5793783067303493
115,1.018,2.999,2.366,1.4290930475337782
116,1.109,3.27,3.118,0.8228823841865047
117,1.077,2.205,1.261,5.031063673770739
118,1.362,2.787,1.774,2.5420422004425696
119,1.64,3.357,2.684,1.1105163679007464
120,1.918,3.924,3.186,0.7881310614667355
121,0.805,2.202,2.079,1.8508917017815523
122,1.108,3.029,2.577,1.2046507348595354
123,1.434,3.923,3.498,0.6538082203961358
124,1.651,4.515,4.249,0.443115074603131
125,0.673,2.0,1.64,2.9744199881023206
126,0.739,2.195,2.854,0.9821595626247034
127,0.941,2.795,3.972,0.5070741920533361
128,1.13,3.358,4.523,0.39105407109529217
129,7.225,40.942,9.409,0.09036558198185297
130,8.164,37.193,10.84,0.06808186163042443
131,5.958,32.262,11.044,0.06558993357182707
132,6.683,29.125,9.547,0.08777202979478603
133,6.715,30.094,9.216,0.09419005594135804
134,7.344,30.234,10.609,0.07107896383325511
135,7.349,30.921,10.583,0.07142864221945791
136,5.98,32.58,9.958,0.08067625743325824
137,3.734,16.595,6.396,0.1955568696977199
138,4.287,16.602,6.678,0.1793895570701416
139,3.811,14.713,10.302,0.07537839672486897
140,1.678,3.894,4.243,0.44436917324393205
141,1.64,4.058,4.309,0.43086081520697395
142,2.411,4.813,4.351,0.4225828039119124
143,2.379,4.707,4.642,0.3712613288074102
144,1.87,3.695,5.099,0.30769466273991863
145,1.922,4.025,5.116,0.3056531777843935
146,1.917,4.195,5.24,0.29135831245265426
147,1.566,3.781,5.313,0.28340685792874437
148,2.174,4.709,5.42,0.2723274465216977
149,2.148,5.138,5.794,0.2383049180534921
150,1.876,4.635,6.193,0.2085872829183259
151,1.854,4.24,6.269,0.2035604711111941
152,1.333,3.687,6.432,0.19337392638796067
153,1.44,4.525,6.777,0.1741867097325888
154,1.912,4.669,7.115,0.15803023217110326
155,12.987,18.013,9.44,0.08977305372019535
156,16.943,23.501,9.844,0.08255564539444346
157,20.494,28.426,9.725,0.08458839156495133
158,22.55,31.279,10.156,0.0775612148009756
159,27.889,38.683,10.637,0.07070525102887408
160,30.428,42.206,10.906,0.0672603310102848
161,33.659,46.687,10.956,0.06664781866354863
162,13.165,17.366,9.214,0.0942309503535286
163,16.967,22.381,9.453,0.08952630724383427
164,20.439,26.961,10.116,0.07817580205636757
165,22.705,29.949,10.229,0.07645812258169529
166,27.838,36.721,11.256,0.06314250657566063
167,30.343,40.026,10.991,0.06622402473348121
168,33.576,44.291,11.183,0.06396955612060753
169,13.148,16.204,8.697,0.10576720962395937
170,16.994,20.943,9.019,0.09834973931971314
171,20.539,25.312,9.182,0.09488889956916169
172,22.697,27.971,9.607,0.08667910244526192
173,27.877,34.355,10.38,0.0742497985974213
174,30.538,37.635,10.401,0.07395027515094846
175,33.57,41.371,10.995,0.06617584866906927
176,4.0,20.0,7.712,0.13451042509598665
177,4.64,23.2,8.43,0.1125731549611693
178,5.36,26.8,8.698,0.10574289113013295
179,6.56,32.8,9.398,0.09057724470452594
180,7.92,39.6,9.789,0.08348593780082658
181,9.28,46.4,10.196,0.07695384662267267
182,10.56,52.8,10.549,0.07188982101330663
183,12.0,60.0,10.955,0.06665998678049137
184,13.28,66.4,11.246,0.06325484977305267
185,14.64,73.2,11.442,0.06110631579297925
186,15.92,79.6,11.708,0.058361246544868295
187,18.64,93.2,12.124,0.05442496163856579
188,21.28,106.4,12.483,0.05133954861460259
189,3.36,16.8,7.244,0.15245199210542604
190,4.0,20.0,7.647,0.13680683844030694
191,4.64,23.2,8.273,0.11688638799422506
192,5.36,26.8,8.607,0.10799070615784201
193,6.64,33.2,9.25,0.09349890430971512
194,8.0,40.0,9.735,0.08441469881494955
195,9.36,46.8,10.151,0.07763764108081651
196,10.64,53.2,10.532,0.07212208711511507
197,11.92,59.6,10.864,0.06778139037525946
198,13.2,66.0,11.209,0.06367313726087444
199,14.64,73.2,11.414,0.06140648671720892
200,15.92,79.6,11.726,0.058182209166263765
201,18.56,92.8,12.11,0.05455087243892178
202,2.64,13.2,6.54,0.18703999850368003
203,3.2,16.0,7.175,0.15539826876616203
204,3.84,19.2,7.711,0.1345453152910532
205,4.48,22.4,8.241,0.11779589567000105
206,5.2,26.0,8.675,0.10630434602064628
207,6.56,32.8,9.201,0.094497414379466
208,7.84,39.2,9.7,0.08502497608672549
209,9.2,46.0,10.11,0.07826861986007529
210,10.56,52.8,10.486,0.07275624558710633
211,11.92,59.6,10.877,0.06761946493579543
212,13.28,66.4,11.138,0.0644875028217313
213,14.64,73.2,11.393,0.06163306877312881
214,15.92,79.6,11.624,0.05920778094447304
215,4.0,20.0,8.515,0.11033687572171522
216,4.64,23.2,8.839,0.1023961715300219
217,5.28,26.4,9.165,0.09524124160054098
218,6.64,33.2,9.677,0.08542962596272113
219,7.92,39.6,10.187,0.07708988089411042
220,9.36,46.8,10.568,0.07163155478868405
221,10.64,53.2,11.092,0.06502348843472727
222,11.92,59.6,11.385,0.06171971572670433
223,13.28,66.4,11.575,0.059710125997695575
224,14.72,73.6,11.862,0.05685571789852966
225,16.0,80.0,12.053,0.05506804693166038
226,18.72,93.6,12.428,0.051794959501003206
227,21.36,106.8,12.762,0.04911933815817856
228,3.44,17.2,7.768,0.13257802747228856
229,4.08,20.4,8.344,0.1149056532662162
230,4.72,23.6,8.68,0.10618191084966766
231,5.28,26.4,8.976,0.09929429558243648
232,6.56,32.8,9.577,0.08722299842816525
233,7.92,39.6,10.052,0.07917444489609068
234,9.28,46.4,10.443,0.07335664002160941
235,10.64,53.2,10.778,0.06886739070857004
236,11.92,59.6,11.192,0.06386671578442889
237,13.28,66.4,11.503,0.060459944950162076
238,14.64,73.2,11.705,0.05839116643836329
239,16.0,80.0,11.985,0.05569470529581808
240,18.72,93.6,12.301,0.052869980472010095
241,2.64,13.2,7.258,0.15186442819511936
242,3.2,16.0,7.707,0.13468501191011142
243,3.92,19.6,8.279,0.11671702836228165
244,4.56,22.8,8.704,0.1055971561418685
245,5.2,26.0,9.066,0.09733265219943323
246,6.64,33.2,9.506,0.08853079559217564
247,7.92,39.6,9.915,0.08137753862953614
248,9.2,46.0,10.346,0.07473861384310848
249,10.56,52.8,10.763,0.06905948040389334
250,11.92,59.6,11.151,0.06433722950748862
251,13.28,66.4,11.428,0.061256125459405626
252,14.64,73.2,11.543,0.0600416468376001
253,16.08,80.4,11.955,0.055974577746152145
254,4.0,20.0,9.405,0.09044246431974126
255,4.64,23.2,9.789,0.08348593780082658
256,5.28,26.4,10.229,0.07645812258169529
257,6.56,32.8,10.851,0.06794389814577789
258,8.0,40.0,11.359,0.06200258378717222
259,9.28,46.4,11.891,0.05657873442579278
260,10.64,53.2,12.245,0.05335466630741192
261,11.84,59.2,12.562,0.05069584996928212
262,13.2,66.0,12.771,0.049050131631852935
263,14.48,72.4,13.107,0.04656754984877218
264,15.92,79.6,13.331,0.045015754135339904
265,18.64,93.2,13.594,0.04329078448074728
266,21.28,106.4,13.949,0.04111533550054665
267,3.44,17.2,9.107,0.09645823565178623
268,4.0,20.0,9.536,0.08797464078194676
269,4.72,23.6,10.013,0.07979240489810066
270,5.36,26.8,10.286,0.07561308316543133
271,6.64,33.2,10.893,0.06742096739329023
272,7.92,39.6,11.401,0.061546604154191144
273,9.28,46.4,11.867,0.05680781721579221
274,10.56,52.8,12.3,0.05287857756626346
275,11.92,59.6,12.614,0.05027873398851719
276,13.28,66.4,12.833,0.04857732528619984
277,14.56,72.8,13.093,0.0466671900003132
278,15.92,79.6,13.322,0.04507659764816008
279,2.48,12.4,8.188,0.11932579019328152
280,3.12,15.6,9.092,0.09677677218109101
281,3.92,19.6,9.556,0.0876067773303797
282,4.56,22.8,9.982,0.08028877947044813
283,5.2,26.0,10.297,0.07545161872912517
284,6.56,32.8,10.859,0.06784382429667304
285,7.92,39.6,11.506,0.0604284211905674
286,9.2,46.0,11.928,0.05622827058483248
287,10.56,52.8,12.31,0.052792700881176165
288,11.92,59.6,12.666,0.049866744837775874
289,13.28,66.4,12.942,0.0477625159822334
290,14.64,73.2,13.177,0.04607410366474054
291,15.92,79.6,13.362,0.044807122253387816
292,4.8,24.0,8.071,0.12281044142355661
293,5.36,26.8,8.495,0.11085702526951251
294,6.08,30.4,8.936,0.10018522243924567
295,6.72,33.6,9.229,0.09392488997961256
296,7.44,37.2,9.458,0.08943167556370238
297,8.08,40.4,9.795,0.08338368926442818
298,8.8,44.0,9.826,0.08285838561455794
299,9.36,46.8,10.158,0.07753067588413366
300,10.08,50.4,10.433,0.07349733166559314
301,10.8,54.0,10.439,0.07341286816174848
302,11.52,57.6,10.716,0.06966659379540957
303,12.0,60.0,10.591,0.07132077453540958
304,12.64,63.2,10.956,0.06664781866354863
305,13.44,67.2,10.889,0.06747050975766525
306,14.0,70.0,10.991,0.06622402473348121
307,14.72,73.6,11.114,0.06476631713688577
308,15.44,77.2,11.376,0.06181741213520309
309,16.0,80.0,11.23,0.06343522351797476
310,4.08,20.4,7.57,0.1396041176234493
311,4.72,23.6,8.04,0.12375931288829488
312,5.36,26.8,8.495,0.11085702526951251
313,6.08,30.4,8.894,0.10113366285040476
314,6.8,34.0,9.202,0.09447687704415485
315,7.44,37.2,9.386,0.09080899875405514
316,8.08,40.4,9.632,0.08622973256365825
317,8.8,44.0,9.763,0.08393119534630059
318,9.44,47.2,10.163,0.07745440745543596
319,10.08,50.4,10.168,0.07737825151150678
320,10.8,54.0,10.313,0.07521768303040836
321,11.52,57.6,10.465,0.07304853687204796
322,12.16,60.8,10.763,0.06905948040389334
323,12.8,64.0,10.628,0.07082505093383537
324,13.44,67.2,10.877,0.06761946493579543
325,3.44,17.2,7.321,0.14926197138383068
326,4.08,20.4,7.574,0.13945670040286948
327,4.72,23.6,8.08,0.1225370061758651
328,5.44,27.2,8.439,0.11233316962178025
329,6.08,30.4,8.785,0.10365886644494467
330,6.8,34.0,9.106,0.09647942245874046
331,7.44,37.2,9.417,0.09021211111349045
332,8.16,40.8,9.607,0.08667910244526192
333,8.88,44.4,9.745,0.08424154050399082
334,9.44,47.2,10.018,0.07971277573794998
335,10.16,50.8,10.084,0.07867274670632612
336,10.72,53.6,10.292,0.07552494747617527
337,11.52,57.6,10.484,0.07278400719921173
338,12.08,60.4,10.529,0.07216319207962782
339,4.08,20.4,8.081,0.12250668086355757
340,4.8,24.0,8.63,0.10741585646019099
341,5.36,26.8,9.065,0.09735412776938268
342,6.08,30.4,9.153,0.09549113651867652
343,6.64,33.2,9.402,0.09050019048027592
344,7.36,36.8,9.753,0.08410339717906062
345,8.08,40.4,9.834,0.08272362916502615
346,8.72,43.6,9.979,0.08033706137131891
347,9.28,46.4,10.103,0.07837711637441099
348,10.08,50.4,10.314,0.07520309818715787
349,10.72,53.6,10.592,0.07130730825750038
350,11.44,57.2,10.454,0.07320234530066015
351,12.08,60.4,10.731,0.06947196728398328
352,12.8,64.0,10.891,0.06744573175208726
353,13.44,67.2,11.09,0.06504694356608484
354,14.08,70.4,11.203,0.06374135847447616
355,14.72,73.6,11.148,0.06437186130850743
356,15.36,76.8,11.235,0.0633787739336571
357,15.92,79.6,11.27,0.06298572822130666
358,3.44,17.2,7.623,0.1376696307110246
359,4.16,20.8,8.27,0.11697120607548445
360,4.72,23.6,8.533,0.10987186482178807
361,5.36,26.8,8.823,0.102767887332071
362,6.08,30.4,9.129,0.0959938859574156
363,6.8,34.0,9.295,0.09259578093111424
364,7.44,37.2,9.741,0.08431073983612164
365,8.16,40.8,9.881,0.081938533788394
366,8.72,43.6,10.079,0.07875082217088827
367,9.44,47.2,10.321,0.07510112295798992
368,10.08,50.4,10.408,0.07385083667089883
369,10.8,54.0,10.545,0.07194437081387745
370,11.52,57.6,10.658,0.07042689721521837
371,12.16,60.8,10.92,0.06708797917589127
372,12.8,64.0,10.833,0.06816987547809344
373,13.44,67.2,10.878,0.06760703317318241
374,2.8,14.0,6.885,0.16876488888677932
375,3.52,17.6,7.344,0.1483285156231459
376,4.08,20.4,8.078,0.12259769059052306
377,4.8,24.0,8.418,0.11289433355680768
378,5.52,27.6,8.649,0.1069444355881084
379,6.16,30.8,9.024,0.09824078265680802
380,6.8,34.0,9.168,0.09517892114312171
381,7.52,37.6,9.566,0.0874237102456523
382,8.16,40.8,9.744,0.08425883234784204
383,8.8,44.0,10.021,0.07966505544423967
384,9.44,47.2,9.988,0.08019234615379064
385,10.16,50.8,10.251,0.07613029627884343
386,10.8,54.0,10.336,0.07488330186237767
387,11.52,57.6,10.526,0.0722043321949478
388,12.0,60.0,10.66,0.07040047309117918
389,3.92,19.6,9.451,0.08956420197663491
390,4.64,23.2,9.978,0.08035316501675505
391,5.28,26.4,10.179,0.07721110329252176
392,6.08,30.4,10.723,0.069575666446393
393,6.56,32.8,10.787,0.06875252133758132
394,7.44,37.2,11.179,0.06401534268521204
395,8.0,40.0,11.399,0.061568203243042005
396,8.72,43.6,11.582,0.059637971866442784
397,9.36,46.8,11.677,0.058671531749193664
398,10.0,50.0,11.864,0.056836550357865646
399,10.72,53.6,11.864,0.056836550357865646
400,11.36,56.8,11.968,0.055853041265120536
401,11.92,59.6,12.095,0.05468626234948247
402,12.72,63.6,12.3,0.05287857756626346
403,13.36,66.8,12.397,0.052054320844055084
404,14.0,70.0,12.42,0.05186170557591128
405,14.56,72.8,12.497,0.05122458485019201
406,15.2,76.0,12.491,0.05127380770275005
407,3.36,16.8,8.936,0.10018522243924567
408,4.0,20.0,9.377,0.09098339849810747
409,4.64,23.2,9.875,0.08203813491427656
410,5.36,26.8,10.237,0.07633866844884377
411,6.0,30.0,10.472,0.07295091104015744
412,6.64,33.2,10.786,0.06876527040275028
413,7.36,36.8,11.046,0.06556618416183911
414,8.0,40.0,11.295,0.06270721550373197
415,8.72,43.6,11.488,0.06061793437356942
416,9.28,46.4,11.767,0.0577774645918211
417,10.08,50.4,11.76,0.05784626775880421
418,10.72,53.6,11.908,0.05641730481220429
419,11.44,57.2,12.071,0.05490393694925218
420,12.08,60.4,11.994,0.05561115280557293
421,12.56,62.8,12.165,0.0540587202712937
422,2.56,12.8,8.177,0.11964704898255965
423,3.36,16.8,9.173,0.09507518956002162
424,4.0,20.0,9.642,0.08605096256391598
425,4.72,23.6,10.005,0.07992005996002498
426,5.36,26.8,10.49,0.07270076999203018
427,6.08,30.4,10.79,0.06871429540790955
428,6.72,33.6,10.897,0.06737147957596963
429,7.2,36.0,11.15,0.06434877033521687
430,8.08,40.4,11.422,0.06132049829895404
431,8.72,43.6,11.421,0.06133123697032246
432,9.36,46.8,11.558,0.05988590357992242
433,2.385,39.742,7.313,0.1495887179740138
434,2.729,45.477,8.152,0.12038202513384075
435,2.986,49.761,7.244,0.15245199210542604
436,3.204,53.403,8.607,0.10799070615784201
437,3.852,64.203,10.034,0.0794587618759562
438,4.955,82.575,11.063,0.0653648339432131
439,6.145,102.413,12.812,0.04873670085091356
440,6.902,115.035,11.905,0.0564457421477358
441,1.22,5.128,4.26,0.4408296413850868
442,0.556,1.235,1.202,5.537083230666582
443,0.476,1.058,0.98,8.329862557267806
444,0.46,1.023,0.893,10.031989506538975
445,0.421,0.935,0.731,14.971152460602477
446,0.317,0.705,0.779,13.183024878015821
447,0.302,0.67,0.72,15.4320987654321
448,0.317,0.705,0.67,17.821341055914456
449,0.468,1.041,1.014,7.780617703239459
450,1.016,2.257,2.065,1.8760736124383681
451,0.532,1.182,1.373,4.243741409739068
452,0.976,2.169,1.902,2.2114084349751937
453,0.667,1.481,1.786,2.507997376634744
454,0.635,1.411,1.708,2.742295520734497
455,0.7,1.059,2.242,1.5915444426849037
456,0.685,1.036,2.125,1.7716262975778547
457,0.631,0.954,1.575,3.2249937011841774
458,0.6,0.908,1.558,3.2957562195039554
459,0.546,0.826,1.434,3.8903769580753536
460,0.346,0.524,1.163,5.914670526974963
461,0.354,0.535,1.15,6.049149338374292
462,0.331,0.5,1.19,5.649318550949792
463,0.4,0.605,1.256,5.071199642987545
464,1.115,1.687,3.017,0.8788998020168335
465,0.823,1.245,2.295,1.5188839999810142
466,1.062,1.606,2.799,1.021137416887392
467,0.862,1.303,2.307,1.5031239613178566
468,0.762,1.152,2.116,1.7867288924782287
469,0.478,1.36,1.375,4.231404958677686
470,0.421,1.198,1.444,3.8366801973588296
471,0.4,1.138,1.353,4.370130377377146
472,0.384,1.094,1.095,6.672087737953754
473,0.26,0.739,0.933,9.190236751986527
474,0.265,0.754,0.752,14.146672702580354
475,0.54,1.538,1.857,2.3198835186485285
476,0.987,2.809,2.611,1.17348148928296
477,0.488,1.39,1.671,2.8650822045804785
478,0.74,1.217,1.849,2.3400016555511716
479,0.73,1.201,1.554,3.3127446254859376
480,0.69,1.135,1.273,4.936659572275474
481,0.69,1.135,1.207,5.4913034913021175
482,0.4,0.658,1.414,4.0012083649262085
483,0.41,0.674,1.171,5.834131272329225
484,0.57,0.938,1.963,2.07610535092798
485,0.8,1.316,3.131,0.8160633085593515
486,0.69,1.135,2.697,1.0998364130815093
487,0.737,1.707,2.048,1.9073486328125
488,0.671,1.553,1.577,3.2168188154949338
489,0.643,1.489,1.683,2.8243710743448602
490,0.62,1.435,1.418,3.978666390812464
491,0.569,1.317,1.282,4.867589399363806
492,0.42,0.972,1.202,5.537083230666582
493,0.435,1.008,1.348,4.402609867129233
494,0.733,1.698,2.372,1.4218723784228022
495,0.537,1.244,2.081,1.8473357147030145
496,0.651,1.507,2.228,1.6116087400765189
497,0.627,1.453,2.196,1.6589195125430902
498,0.561,1.299,2.019,1.9625347215322684
499,0.658,1.448,1.998,2.004006008010012
500,0.677,1.488,1.818,2.420484072609681
501,0.728,1.601,3.153,0.8047149051004742
502,0.753,1.656,3.536,0.6398312892856411
503,0.756,1.664,3.676,0.5920235483286582
504,0.757,1.666,3.398,0.6928564079344529
505,0.76,1.672,3.187,0.7876365478717127
506,0.765,1.684,3.958,0.510667721025288
507,0.767,1.687,3.611,0.613528879302841
508,0.779,1.715,3.408,0.688796314664198
509,0.855,1.881,4.842,0.34122466556144004
510,0.873,1.921,4.946,0.3270256088848934
511,0.874,1.922,5.465,0.2678611039727987
512,0.9,1.981,5.438,0.2705276005108102
513,0.908,1.997,5.189,0.29711367803298566
514,0.503,2.576,1.789,2.4995930350089877
515,0.65,3.415,1.799,2.4718815746256415
516,0.505,2.525,1.803,2.4609258802962586
517,0.456,2.416,1.936,2.134417048015846
518,0.626,3.279,1.973,2.0551135206175406
519,0.619,3.246,2.088,1.8349701266863374
520,0.609,3.193,2.115,1.7884188700546022
521,0.789,4.145,3.578,0.6248982587522469
522,1.237,6.461,4.349,0.4229715645205318
523,0.844,4.373,4.426,0.40838254172801763
524,1.285,6.724,4.651,0.36982588735907845
525,1.109,5.811,4.749,0.3547199771773167
526,0.817,4.271,4.761,0.3529341022179217
527,0.844,4.428,5.405,0.27384107462083707
528,1.307,6.844,5.44,0.27032871972318334
529,1.373,7.218,5.652,0.25042961199938496
530,1.328,6.984,5.934,0.22719297737419217
531,1.375,7.2,5.979,0.22378598272299483
532,0.86,4.513,6.131,0.2128273094469972
533,0.846,4.437,6.618,0.18265705927066314
534,0.404,2.021,1.425,3.9396737457679283
535,0.408,1.926,1.47,3.7021611365634692
536,0.386,2.406,1.614,3.0710219900529596
537,0.467,2.364,1.86,2.312406058503873
538,0.558,2.789,2.896,0.9538780867494888
539,0.629,3.143,3.222,0.7706175844914753
540,0.655,3.279,3.281,0.7431517866158548
541,0.624,3.107,3.32,0.7257947452460445
542,0.647,3.324,3.564,0.6298173151895561
543,0.666,3.228,3.568,0.6284059603048523
544,0.711,3.516,3.657,0.5981912640297349
545,0.69,3.439,3.687,0.5884962662486578
546,0.75,3.738,4.089,0.47847116024052977
547,0.826,4.115,4.436,0.4065433972880303
548,0.814,4.065,5.037,0.315316055668892
549,0.847,4.236,5.319,0.2827678347770575
550,0.645,1.455,1.588,3.1724076670748493
551,0.981,2.214,2.384,1.4075942525111482
552,1.306,2.947,2.273,1.5484283548974562
553,1.421,3.206,3.169,0.7966095500938455
