Lochsa_f_x,Lochsa_f_y
8.48203580507375,1.60266554488515
7.53703685468956,2.79192109235535
9.64621853244724,0.549943979276067
15.4748946998979,0.193911046457323
17.2788430752737,0.175352402432176
14.5415318726245,0.200217823210583
7.3467807352962,5.1733848013897
3.78732236428856,1.08731058413847
7.15595120947551,2.00443783177964
10.177920839976,0.364310306398268
12.8822301763932,0.26322375501734
17.8396347034801,0.134924986861798
7.44198429241187,1.31388884026136
6.5886385122238,6.05899295028393
2.61435775868982,0.162919483930534
10.529906405705,0.477659007661929
12.8822301763932,0.281243053668289
24.2882307715786,0.0959500652882866
18.8317266165715,0.147949005149573
11.231066474014,0.490266292885049
6.77302766078237,3.19243258107022
6.77302766078237,3.85985419373324
9.46808438185998,0.761611803299135
11.4120039857647,0.40671733065084
19.4604696072066,0.126225736939826
15.8025514505369,0.160629073701259
10.8803792314079,0.376453201033196
8.48203580507375,1.05923410325091
6.77302766078237,5.07499423345284
6.964789633732,5.77232752966689
7.3467807352962,2.01865740522824
9.04125348617625,1.1158775900665
13.0688244794914,0.246639618077405
17.2788430752737,0.151852723960439
16.9674224879417,0.15506212997819
12.5084087685648,0.321351580025647
10.8803792314079,0.392921404152766
8.66975939814167,1.19221793739123
7.53703685468956,2.92464361314756
6.77302766078237,6.70790096042279
6.964789633732,7.16791301675982
6.77302766078237,5.07499423345284
1.66637006005778,0.340415013709833
8.66975939814167,1.5611611860692
17.1343973895609,0.132953102292647
14.3862717541428,0.202516676381779
12.695498167966,0.288273889968034
8.29392948421245,2.197850524835
7.15595120947551,5.19854018856034
7.15595120947551,7.36976030167523
1.81835764640239,0.112300308091519
1.5,1.37910282118261
8.48203580507375,2.38587010490262
16.8001142213935,0.155183970531778
14.230630463189,0.221702209695488
8.48203580507375,1.13376377545508
7.53703685468956,5.48238638091814
7.72695099377788,4.68026901879508
8.85701114362037,1.91895077884791
8.66975939814167,1.87741097411612
9.46808438185998,1.12461050717963
17.5349340774625,0.134333696410967
18.3394019149328,0.139258737413398
14.5415318726245,0.198446674402309
10.529906405705,0.518691829141069
7.91642622666716,3.84456935252941
7.3467807352962,6.09690022973334
4.94002010979986,0.951989478636035
7.72695099377788,2.16849179536138
8.10536737306447,3.4687867269161
8.29392948421245,3.55155118130185
13.4362751294617,0.287164975098004
16.2966655100987,0.154911457213301
12.695498167966,0.397686999914888
8.48203580507375,2.94497274616603
6.5886385122238,6.52073923486243
7.72695099377788,5.44800127113781
7.15595120947551,6.8386154054247
9.22512808074487,1.53797070936082
14.074412558167,0.264723324908735
14.230630463189,0.229244829726919
17.1343973895609,0.17451592605983
14.6965827173454,0.232440970384833
9.64621853244724,0.65180829916406
8.10536737306447,2.69028079365881
3.98132924924462,1.05644734491756
7.72695099377788,6.64594486319062
7.53703685468956,4.1867634854552
9.46808438185998,1.05478052298672
8.29392948421245,3.07959113417011
8.29392948421245,1.46822412212021
11.592494233898,0.425403850663128
14.230630463189,0.229244829726919
11.0548240128249,0.456714175190936
8.66975939814167,1.53643261735915
9.28942893073696,1.27961101509472
10.177920839976,0.838093189166254
9.46808438185998,0.700165886036243
9.46808438185998,1.73633655855502
8.66975939814167,1.84487768098592
8.10536737306447,1.30641692900481
11.592494233898,0.3672381797885
15.0069103235383,0.195301722091651
15.1615621680376,0.215641041729447
13.2535575943562,0.235252519875334
9.64621853244724,0.494718252962722
7.3467807352962,4.07842958509401
7.72695099377788,6.64594486319062
8.48203580507375,2.2059258033082
9.64621853244724,1.03554991584062
9.28942893073696,1.31624825954808
14.5415318726245,0.254824203630012
17.4069002787471,0.160929281582311
18.9950452879787,0.13396885517116
11.9523442157493,0.38409524937284
7.3467807352962,2.4862520663617
8.85701114362037,5.54391592489573
2.41703881892783,0.62124702110394
3.20040191641407,0.423417529774574
7.53703685468956,2.55230905172624
12.5084087685648,0.300884628729273
15.4748946998979,0.189853246011235
10.3540744726182,0.619058240122463
7.53703685468956,4.69897171637239
7.72695099377788,4.41791126606268
7.15595120947551,8.28984594571632
8.29392948421245,2.15578793568486
8.29392948421245,1.37910282118261
17.6722176671454,0.16770014346127
15.9658638256439,0.145687099710178
10.177920839976,0.738710516695769
7.3467807352962,6.53665303256566
8.48203580507375,1.1991681177147
9.22512808074487,1.13912406083901
8.66975939814167,1.02755654467938
16.1287581290896,0.175954175696277
15.8025514505369,0.151216096226363
11.9523442157493,0.378924539652587
8.48203580507375,1.27037042813283
8.10536737306447,2.57711195132245
7.3467807352962,2.78325363950342
9.82387840567319,0.705184416926928
9.46808438185998,0.944420653066472
11.231066474014,0.378137845253514
13.9179958663341,0.21467162399978
20.0616105509992,0.117320538601908
15.0069103235383,0.187903202258441
9.04125348617625,1.1775966027308
7.53703685468956,3.14193505187592
9.46808438185998,0.82227731211076
10.0010658853457,0.76400838155411
9.82387840567319,0.91411690885332
9.64621853244724,0.97426070564102
12.5084087685648,0.292217092600172
24.8220757536461,0.134367508023643
22.1729855671275,0.108809040785627
9.46808438185998,0.729925001276077
7.3467807352962,2.4862520663617
6.77302766078237,3.75243192592661
7.53703685468956,2.99452825547875
9.82387840567319,8.5
9.46808438185998,1.40132195149595
10.3540744726182,0.509819393308789
17.2788430752737,0.133207262445939
19.6102001364654,0.108540615203325
13.603833961263,0.228714571983866
8.29392948421245,1.42263673148537
6.964789633732,3.12128503552167
7.91642622666716,1.97842948148484
7.53703685468956,2.24658983897262
8.29392948421245,2.47801045313737
9.46808438185998,0.473081076538959
9.46808438185998,0.693005199429297
12.1334012929088,0.263025629652427
18.3394019149328,0.116274684393153
20.7418859552466,0.106372645817586
8.85701114362037,0.660675894239898
5.12961480964976,0.830018705587809
8.85701114362037,0.841329565746023
9.04125348617625,0.688963485883911
8.85701114362037,0.726835358001363
8.66975939814167,0.688472856872633
12.695498167966,0.223969376605206
16.9674224879417,0.139931901652833
15.1615621680376,0.134243482881317
10.177920839976,0.413236523832538
7.3467807352962,1.94101522803672
5.8749682982795,3.7507339794568
7.72695099377788,1.53107538205636
7.3467807352962,1.67128549737758
7.91642622666716,3.2251771587344
6.77302766078237,2.23811131143961
8.85701114362037,0.667581108311055
15.9658638256439,0.140036737623756
15.6388315649942,0.140075111868065
11.0548240128249,0.301180336864264
7.15595120947551,1.62679851307699
6.40851391566173,4.22658324891185
4.55874187264447,1.63018297536957
9.04125348617625,0.734320268498208
8.48203580507375,1.00475397773591
8.66975939814167,0.639738926124107
12.1334012929088,0.261559563986364
16.2966655100987,0.126722428218054
14.230630463189,0.168506686896606
8.85701114362037,0.734791372135103
7.3467807352962,3.29685895112931
6.04884683839499,4.5197610171458
6.5886385122238,4.09401264363938
7.15595120947551,2.52991075204672
7.15595120947551,2.77314372004197
8.29392948421245,1.13927897101283
8.29392948421245,1.06340213073439
12.1334012929088,0.243577261120519
17.2788430752737,0.112087175955977
16.8001142213935,0.123990824792408
16.464818014792,0.126780824335685
11.592494233898,0.259651764889283
7.91642622666716,1.3148251618261
6.77302766078237,2.56067823892413
6.964789633732,2.96953864784462
7.72695099377788,1.5571929515931
7.15595120947551,2.77314372004197
6.77302766078237,2.44587220847404
7.72695099377788,1.75995873325943
13.0688244794914,0.261424761789706
14.8520169620647,0.153072506051711
15.9658638256439,0.131928984315079
19.3102759157663,0.0944355964872678
12.3210724434557,0.226246411260249
7.53703685468956,1.99259395795666
7.72695099377788,2.00494234611529
7.72695099377788,1.92998476641233
8.85701114362037,1.09257763319755
8.66975939814167,0.785985211421621
8.29392948421245,1.51607520886113
11.0548240128249,0.382642585013044
15.9658638256439,0.141547758995773
23.5738638879617,0.0935066012598219
15.0069103235383,0.172888256174145
9.82387840567319,0.545412205857031
7.15595120947551,2.90808828079908
6.5886385122238,3.1852745413233
7.91642622666716,1.49320894217961
9.22512808074487,0.520635630224344
7.53703685468956,1.99259395795666
9.04125348617625,0.742322054031271
11.4120039857647,0.33377410801437
19.1581423226847,0.118000401628158
17.5349340774625,0.102501590205449
12.1334012929088,0.25163724095069
9.28942893073696,0.672695036372091
7.15595120947551,3.75632563530164
6.22777084094682,3.98164908509775
6.77302766078237,4.08917130560558
7.3467807352962,2.65834451806306
7.3467807352962,2.59909455016523
9.82387840567319,0.483077680145377
9.28942893073696,0.731102209540315
13.9179958663341,0.21467162399978
17.1343973895609,0.141344796662132
21.8740366727297,0.109623424191491
13.7611868773497,0.181842924617856
8.48203580507375,0.954374780384042
6.964789633732,3.37180327748985
7.53703685468956,2.03178989029221
9.04125348617625,0.750450633304834
11.7726286717089,0.256449183809075
9.04125348617625,0.869400309824142
8.66975939814167,0.883911433095476
10.3540744726182,0.378903006728565
19.4604696072066,0.109855056808117
16.6325339455576,0.119576138939196
8.66975939814167,0.751304050845421
6.5886385122238,2.94865690280326
14.8520169620647,0.168302638599378
9.28942893073696,0.475978048833045
9.22512808074487,0.616586775738917
8.48203580507375,1.348124170418
8.29392948421245,0.956835967031649
16.2966655100987,0.14250620011499
18.0064532184289,0.121729253628636
15.9658638256439,0.1425660826148
9.82387840567319,0.504064952028506
6.964789633732,2.40639723918042
4.36701676263914,0.634093881644363
2.41703881892783,0.1764176017623
7.72695099377788,4.29488816991908
7.15595120947551,3.37749487425394
8.85701114362037,0.903483625473986
10.3540744726182,0.461989936875298
14.5415318726245,0.17737871642141
18.9950452879787,0.114564904118607
8.85701114362037,0.688913148872691
1.81835764640239,0.221535337099984
2.01906483981829,0.176563389263414
7.53703685468956,1.65542563541729
6.964789633732,6.41371466720093
7.3467807352962,3.13658948163171
7.91642622666716,1.62374730035908
9.46808438185998,0.633221936687153
14.5415318726245,0.178878675261352
15.9658638256439,0.160482436910736
9.46808438185998,0.645829953679452
7.15595120947551,2.83941978335121
6.5886385122238,3.27046129983413
7.53703685468956,1.62646507498359
8.85701114362037,0.914508453938641
7.91642622666716,1.16650215234226
10.3540744726182,0.368131432216796
10.177920839976,0.422881630670474
11.592494233898,0.324276257986577
16.8001142213935,0.126041930573982
9.28942893073696,0.723394591898037
6.77302766078237,3.27668668471604
7.15595120947551,2.83941978335121
7.3467807352962,2.54171707324508
7.15595120947551,2.58767811135969
3.59253164893951,0.249008116498541
6.5886385122238,3.02451851371813
8.10536737306447,1.11275434305823
11.4120039857647,0.254070232303792
16.1287581290896,0.145619108596034
19.7599640129294,0.111906695103739
6.964789633732,2.11528579802181
7.53703685468956,1.41995115180933
7.72695099377788,1.43299070975171
9.22512808074487,0.857038644936881
9.28942893073696,0.639668816550899
9.46808438185998,0.627063981723871
9.22512808074487,0.647941096804808
16.464818014792,0.134752030896744
17.6722176671454,0.127244314467638
15.0069103235383,0.166045027759235
9.22512808074487,0.674784427520927
7.72695099377788,1.48084415150925
7.53703685468956,1.46775635746623
7.15595120947551,2.13025714362879
7.91642622666716,1.25605187736215
7.3467807352962,1.979296990725
7.3467807352962,2.4862520663617
11.0548240128249,0.301180336864264
16.1287581290896,0.135170570777998
12.695498167966,0.212033301452455
7.91642622666716,0.973837648300219
7.15595120947551,2.90808828079908
6.77302766078237,3.03336469777029
6.40851391566173,3.35476554357132
8.29392948421245,0.854976435906853
7.53703685468956,1.31019276245772
9.04125348617625,0.63471577821464
9.64621853244724,0.48221566190276
17.4069002787471,0.117945331695459
17.8396347034801,0.120570663492459
8.48203580507375,0.954374780384042
1.75790195487741,0.113884724097715
6.22777084094682,3.86440834758378
9.22512808074487,0.525359100043677
7.3467807352962,2.84893857427989
9.04125348617625,0.734320268498208
10.529906405705,0.330548348021977
10.529906405705,0.358948145794532
14.5415318726245,0.178878675261352
15.4748946998979,0.149110190791103
8.10536737306447,0.845319270183204
8.29392948421245,0.969272842750392
10.0010658853457,0.387879774536057
10.529906405705,0.344309601189105
8.66975939814167,0.928245228036084
9.04125348617625,0.911698989388268
8.29392948421245,1.07795680581751
13.2535575943562,0.224887651139395
14.5415318726245,0.166713631127976
6.5886385122238,2.67202431737997
7.15595120947551,1.92661122620974
6.77302766078237,1.85728669382718
8.29392948421245,1.3174937307826
8.85701114362037,0.831596974089562
10.3540744726182,0.401907957124396
15.0069103235383,0.157125761114329
21.7274702852079,0.0977928128995609
8.85701114362037,0.718997591220954
6.04884683839499,3.64167446259563
7.72695099377788,1.22528567828987
7.53703685468956,1.28974048888492
9.28942893073696,0.437564283574511
14.230630463189,0.184955369259048
17.4069002787471,0.113636983615605
7.91642622666716,1.23736857395749
6.77302766078237,3.55044130260652
6.77302766078237,3.55044130260652
10.8803792314079,0.337272212039378
22.1729855671275,0.103777856206077
25,0.0969727867339091
6.77302766078237,3.19243258107022
6.77302766078237,4.08917130560558
7.3467807352962,1.7986004197064
11.0548240128249,0.372062856842771
7.15595120947551,2.31726769963838
4.36701676263914,0.825177908075669
7.53703685468956,1.01854935230027
9.04125348617625,0.505433583349521
23.5738638879617,0.0937309984135474
7.3467807352962,1.76543949833429
6.964789633732,3.37180327748985
8.10536737306447,1.41151507081583
11.9523442157493,0.304857988016855
18.5041154166778,0.133385003372727
7.72695099377788,1.50562808340062
10.177920839976,0.527202682359991
13.7611868773497,0.229162491900809
8.66975939814167,0.894697430376515
16.9674224879417,0.143878785768472
8.48203580507375,1.04519947453288
6.964789633732,3.12128503552167
4.94002010979986,0.417503873595201
3.39698865758084,0.0819881390024232
7.53703685468956,1.84638725645102
12.3210724434557,0.258448825028905
8.66975939814167,1.05485545202462
8.29392948421245,1.79405777991065
8.29392948421245,1.04915469386339
12.1334012929088,0.232183063140139
9.04125348617625,0.641151841178598
15.8025514505369,0.168936096780405
15.6388315649942,0.154746482997644
7.73320983940279,1.15462420690264
6.77302766078237,2.50227923131901
6.40851391566173,4.64280395116824
7.53703685468956,3.30062825798014
9.46808438185998,0.645829953679452
15.1615621680376,0.168473174567603
16.2966655100987,0.150968933782777
6.77302766078237,2.95822367179015
5.8749682982795,7.35462395645474
6.77302766078237,5.60959602053733
6.5886385122238,2.87561421687007
6.964789633732,2.40639723918042
7.72695099377788,1.61139679014329
11.231066474014,0.313922131015526
6.77302766078237,2.72247365025289
7.72695099377788,1.48084415150925
11.7726286717089,0.298351919675722
17.1343973895609,0.142324392608938
17.6722176671454,0.128068470254674
6.77302766078237,1.89457452771823
6.22777084094682,3.44314317916429
7.3467807352962,2.54171707324508
10.8803792314079,0.330599338215842
14.5415318726245,0.181164011279356
19.1581423226847,0.124979952679311
7.3467807352962,1.64154765721043
7.3467807352962,1.47869979239568
7.72695099377788,1.1055620492783
8.10536737306447,1.38949806370413
9.22512808074487,0.725933117407977
12.5084087685648,0.229774451449885
7.53703685468956,1.84638725645102
6.964789633732,2.16000988072633
7.53703685468956,1.44354016002912
9.28942893073696,0.715820530764985
10.7054213794807,0.296990179226705
16.2966655100987,0.143523845162693
6.77302766078237,2.62123273907251
7.15595120947551,1.8180814360499
7.3467807352962,2.38060266718981
6.77302766078237,3.55044130260652
13.4362751294617,0.222525813968522
14.6965827173454,0.188705391062728
7.15595120947551,3.05309841607427
8.85701114362037,0.56343132539936
10.529906405705,0.434510267025739
9.04125348617625,0.829966485151439
12.3210724434557,0.250123961429135
19.1581423226847,0.111584645081919
8.66975939814167,0.988539833309091
6.77302766078237,3.03336469777029
7.3467807352962,2.10099951210312
7.3467807352962,3.65660532935739
10.0010658853457,0.570695684989241
15.1615621680376,0.160028713018314
9.46808438185998,0.54446105604069
6.22777084094682,3.86440834758378
2.81060685354767,0.602417251696755
3.88439096794665,0.9908799538013
6.77302766078237,2.50227923131901
10.7054213794807,0.394943371553757
15.1615621680376,0.160028713018314
11.0548240128249,0.345116262579019
3.59253164893951,0.950873361276425
6.5886385122238,6.52073923486243
8.10536737306447,3.64620059103537
7.3467807352962,3.56138223716272
11.592494233898,0.259651764889283
14.5415318726245,0.16808212094907
19.6102001364654,0.1097792769618
8.29392948421245,0.702186669798292
7.53703685468956,1.65542563541729
5.8749682982795,3.43323434989406
8.29392948421245,1.13927897101283
9.04125348617625,1.00608647191297
7.53703685468956,1.6851173131653
8.66975939814167,0.795035522576465
12.1334012929088,0.238413840355553
12.695498167966,0.200060624948839
13.7611868773497,0.190056033049957
8.48203580507375,0.89653878205598
6.04884683839499,3.86453383917631
6.964789633732,2.02990624905998
8.29392948421245,0.876154491139235
9.22512808074487,0.81881503794401
9.04125348617625,0.580987087893083
10.177920839976,0.410093373474102
14.3862717541428,0.17325110501464
13.7611868773497,0.193498644807417
7.72695099377788,1.22528567828987
4.36701676263914,1.09602456569378
3.39698865758084,1.10347726629138
7.15595120947551,1.59788467721816
4.36701676263914,0.07
7.3467807352962,1.61259749120953
10.0010658853457,0.428507775418363
13.603833961263,0.204848576408225
13.7611868773497,0.193498644807417
11.231066474014,0.330493341106791
8.66975939814167,0.823118853671023
3.98132924924462,1.16813450142725
4.749722106329,0.870318339904824
7.15595120947551,1.7839602082295
10.7054213794807,0.340763403939692
18.5041154166778,0.136446190759503
9.46808438185998,0.597561004954312
7.91642622666716,2.01633573570125
3.69007361918727,0.243484833765938
3.20040191641407,0.273626270048841
9.04125348617625,0.81123082324471
11.231066474014,0.350754118415659
5.12961480964976,0.726525639336315
3.39698865758084,0.617297985121554
3.29885946009562,0.288703653419823
7.3467807352962,1.64154765721043
10.529906405705,0.364033139059249
10.7054213794807,0.357515118172291
15.9658638256439,0.167423319467158
9.28942893073696,0.58600947005161
5.03488757805293,0.455545880599709
8.66975939814167,0.894697430376515
17.8396347034801,0.134479638022208
9.64621853244724,0.560042999079662
13.7611868773497,0.195258125266379
19.908916384238,0.121650961318662
17.5349340774625,0.126230860729686
3.69007361918727,0.272172919830201
4.36701676263914,0.913619832601578
7.91642622666716,1.25605187736215
8.10536737306447,0.934558966678936
8.66975939814167,0.852713217538979
11.592494233898,0.318182585350033
15.0069103235383,0.174307784951912
25,0.0931885055581396
14.3862717541428,0.200701564649136
8.29392948421245,1.44515536600125
8.29392948421245,1.40063100933456
7.91642622666716,1.94166140229814
7.91642622666716,2.13668290662262
8.10536737306447,1.58126367219662
10.7054213794807,0.493756289563681
