Rivers_f_x,Rivers_f_y
3.77544050369569,0.119577386725471
3.68591638827713,0.127308561511532
3.68591638827713,0.127308561511532
3.79070999620497,0.117770523996421
3.86787113599866,0.111445046686817
3.15767518716741,0.173942314563469
3.66946848993006,0.129232087458488
3.87816189779766,0.109608276117393
3.97481345808694,0.103136037911179
4.26489037395305,0.089213541542233
4.26489037395305,0.089213541542233
4.27009819415718,0.0890488044514931
4.27522565931258,0.088888176038897
4.27928866598501,0.088792076300756
4.27928866598501,0.0886174275247951
4.27928866598501,0.0886174275247951
4.26068260114552,0.0895798251255478
4.25161832257929,0.0897525289689364
4.20837749040883,0.091528965973581
4.17536051667358,0.092918038286213
4.19492676871586,0.0944141173556715
4.1466376673274,0.0942379437050234
4.14144041769563,0.0945203473780419
4.12195642746311,0.0950839962544727
4.14144041769563,0.0945203473780419
4.15592767346122,0.0939494378275423
4.12195642746311,0.0950839962544727
4.15592767346122,0.0939494378275423
4.18043074909585,0.0926400614517121
4.15592767346122,0.0939494378275423
4.12195642746311,0.0950839962544727
4.10755982195994,0.0957698067588676
3.36622181327498,0.156477782859242
3.28099528599909,0.163893641391642
2.91537867550107,0.196366128853677
2.87121003776598,0.201565280463016
3.03138731533356,0.185673993494835
3.25734560270011,0.165132287750448
3.38379175318069,0.155082434320516
3.29745150529748,0.162100054123182
3.03138731533356,0.185673993494835
2.91537867550107,0.196366128853677
2.84652758536996,0.203731316963392
2.87121003776598,0.201565280463016
2.80857166842588,0.208654049674249
2.87121003776598,0.201565280463016
3.04979623326304,0.183223080936058
3.11551773345721,0.177597110453055
3.40011983697551,0.153886833546488
3.11551773345721,0.177597110453055
3.15767518716741,0.173942314563469
3.17515467861123,0.171978521901956
3.19881311818352,0.170376652535994
3.36622181327498,0.156477782859242
3.43401094166072,0.151384134698992
3.7958776968937,0.0665174150846511
5.71132526860503,0.0975487443057375
10.6948230448026,0.0794625135093534
9.82716261450405,0.103906606068146
11.106040152591,0.133931687551208
6.27731115743044,0.15938375937421
1.09864502747998,0.406758903431364
2.44991015653214,0.324974006603794
3.48664871644158,0.409216354742668
2.6857390379877,0.452780632323394
0.357198932467712,1.71921349216388
0.765642381954209,0.881049834599331
0.938957242642363,0.6816723768175
0.502051080379833,3.1582335049792
0.923466659147436,1.31186487751519
0.944407070386385,0.817540725184945
0.760575947324174,1.48412242234072
1.05936899855471,0.753347142517301
1.39063428609288,0.474750417612218
0.824887978137827,0.732050132378886
2.14163566635592,0.609888663948306
0.446856823370104,5.41884291130864
0.558124065097544,0.417642327290314
0.723058953109313,1.11570243166131
1.49322104695377,0.484627587790589
0.997892224225481,0.562034983028041
2.34115642383243,0.376581609533444
1.13470325566502,0.359648386841081
4.31573813309811,0.101012800798266
6.07980554477337,0.110509300036355
0.739542439589382,0.566765390910209
2.40704195129504,0.118001709896961
4.87734240486731,0.0613354802959308
0.864178750023589,0.635735371032779
3.95449552701207,0.15962394684318
5.7443580171785,0.0789223413811915
6.90661956034121,0.073876161965873
1.1568146283777,0.366524238978264
1.8501378491796,0.153627180855769
0.855285579596677,0.651056026171693
1.1409343297906,0.749009596930836
0.628082111516714,1.56031239625554
0.782427175446874,1.3128402087856
1.18618196244761,1.14131016568764
1.50094385385403,0.414883977671817
1.8050400620418,0.300350813497595
0.604781488765605,2.9633489786305
0.656594414660817,2.27684338538897
1.33649390027466,0.735004226015607
1.76508836900004,0.924404147793425
0.784153594027121,1.47067068980811
1.0476487321438,1.16976562660164
1.66336597948445,0.459863268963229
2.06222001129422,0.202996198918102
2.20463966481027,0.227303220008225
3.1959920493253,0.0761897455054865
1.04529272275794,0.522927713315331
1.37134021404957,0.228024304631367
0.841969109078211,1.39047363907124
0.862130413190775,0.848901247761897
2.27032587633404,0.222891612742672
3.36001440194164,0.164375188711595
11.4895633049296,0.0919204920476018
11.2283877399008,0.221359207813971
5.16902228454008,0.195497775346466
5.64044899363763,0.116502994020664
4.39150056709084,0.351665101803688
15.9593286062421,0.108081923655581
12.3614837872755,0.202574057455163
13.3558447154152,0.156961969185431
16.11470040623,0.229792328842659
5.24327194742822,0.145602278466544
5.62240211080245,0.112137980102224
9.35654501096291,0.196692659219026
5.14717407200468,0.125745450861201
10.3325179060046,0.149206346772407
10.5717116240757,0.0917243416544412
6.07610721225133,0.19941373746341
3.24843862647061,0.409273681078715
3.07706288281717,0.154870773014249
7.09846768630722,0.113272481717939
7.95273987318936,0.149283582742036
34.2797562997734,0.111872130790338
4.09077892055505,0.494000455798058
4.77168016031994,0.687064764664754
5.34100147483549,0.447813382487946
7.41230959838622,0.649752682918881
7.14143019846576,1.09184544570753
8.07584349034785,0.063800146589096
3.91987772882616,0.196689597868583
6.47969935433776,0.0893299077696225
5.61108575422157,0.27869615369836
7.54431910032846,0.137568207086479
2.2123517590272,0.283990082031539
2.15569043244809,1.30781811995477
1.18279448275811,0.40081686773876
4.58248361233352,0.450187671482874
1.45494812175989,5.89112381984988
0.507590410368183,2.64074970927736
0.415836391585655,1.65101158826368
0.776456583309778,8.46663191669358
4.53587773434291,0.507470839814934
0.87071791522145,0.944448157669908
11.7777375394955,0.0500225820247162
12.7622763647441,0.0389073002779206
5.69878955426082,0.124146451033683
17.3523892861081,0.121167502801091
7.24298379858071,0.457982930775979
12.8354390305736,0.188821439841143
15.5521131247879,0.145413740266695
2.85410098590615,0.243614881440202
1.70520656046169,1.06186710337546
2.7178054488648,0.232271636852095
4.26677945773355,0.442798959850433
3.17437123084255,10.4982377311942
4.04653295949603,0.75269667016497
33.113210334691,0.0436828944916639
9.33976484731462,0.107939449973953
17.200311401108,0.0575034327149822
19.3059659718367,0.0517945015158507
14.9084866114546,0.0566217526306582
6.22334804369778,0.209280139416909
13.2070115731639,0.0963746505575734
14.8944323229976,0.0600360942630622
11.0916702843673,0.278963049803706
24.6613506752272,0.127869059574749
33.1158969533893,0.0977314876297303
11.970283100098,0.60830311437535
18.7892066124418,0.148747242063618
4.38893308190429,0.688432237455172
6.28021899858989,0.113498812481148
7.07071062807101,0.0589123619850524
7.10300439657293,0.332639875590543
13.8136974490387,0.0679060641033351
18.7623584710617,0.0419374093346143
11.911430180118,0.112164163316537
4.41142347283278,0.460402180960142
8.69293402589327,0.164434041915729
10.8015710399434,0.116550148894355
5.84869823007127,0.365565682883914
9.42428626516191,0.110006488957906
10.1612656158791,0.0960396094161341
3.43382521006139,0.141635396717815
6.15064867198957,0.0884606750409038
6.61117110967063,0.0589059438464327
21.6344074139618,0.136975853239957
6.69578419405963,0.384974714354188
14.7166086598577,0.170723062199189
19.6722601089214,0.129461086962485
5.56657450468689,0.0984666570512447
3.36971709645156,0.16494027995583
5.56657450468689,0.0984666570512447
15.1803611783931,0.116854392982404
3.12277210310659,0.727048323546008
8.0931702963694,0.179735526076483
11.8278904421184,0.158405043974573
12.9736362666366,0.0851529482352085
7.11018744277066,0.418784687800634
12.5295572447643,0.106511324433237
7.90871875692905,0.111971859265914
3.15241709227397,0.273443449506825
5.68047919698263,0.114588657575624
7.35490191339649,0.112080834656149
9.34804056099214,0.0789100586643665
4.36821089409647,0.331483471463927
7.01201265651824,0.084398873982123
8.40100179270517,0.0828439459737479
2.21396776284812,2.50429738707684
4.39965820141569,0.483305621074444
5.46106096483715,0.240288791377172
2.98880351982904,0.837565307922719
5.16366064849961,0.247124478673737
6.32851097907951,0.245690138256812
5.14486041616755,0.369540090782574
2.12225628570604,1.12156983608909
3.79608301148962,0.464167003681831
4.35597182319672,0.413184340162986
4.07753865390895,0.244349678147548
6.17441818478923,0.0704464668124851
6.86978231574854,0.0542983730915773
4.75818194861487,0.738556256790928
7.3094443098833,0.115661511566367
10.8621348257295,0.0543300741021222
8.97687597372558,1.00161744292272
11.0311690562657,0.0860840850869686
13.4826339458927,0.02
6.30875309967915,0.241222775785931
15.4046128928719,0.107765290950367
16.9231816098092,0.0696801375626417
4.80590212328059,0.175378331605054
9.66850145403726,0.0655112903683009
10.0283841678363,0.0550786846986087
14.9370894267602,0.0379475584648015
4.59473778322481,0.374611552447295
9.59433326716622,0.0865320815763235
13.7798372404157,0.044184968306287
3.49594884310249,0.286640060186485
6.97664123747374,0.0746526103491756
8.89871320832128,0.0730984024734038
3.52041441792575,0.26709190504542
5.87932081351241,0.0726764493185137
6.94839744893401,0.0667757034311486
33.6842603572246,0.125051611040439
20.5745467717691,0.0325525098982895
40.9747250902435,0.0864630852295531
15.3985213591163,0.058525548157873
13.3367603754233,0.0903376466920996
11.5400103922204,0.236830192242765
76.411757393502,0.281548590620885
5.62814494709316,0.0810403293995609
12.8102110523599,0.124537863672655
2.98795494356694,0.365194614713958
2.72677797577644,0.306240722091245
17.2280689278749,0.166641400683465
14.2789893860075,0.13753074212786
8.04040408571717,0.155975667753411
10.3554915447365,0.108287348782808
5.35814511307753,0.189883878373929
16.0782433835248,0.045750817629815
10.0337418867097,0.202754642215626
7.09419766696469,0.11468545259543
3.63887084058828,0.168693185763165
7.0576481730322,0.160377882161662
9.17534627777908,0.100878075536181
4.96561524686811,0.062648849186284
8.18946657564562,0.123883461365096
143.513175626819,0.277175616165642
76.6471786266668,0.665462927916887
11.0233408442725,0.448956156093597
6.45218035605109,0.643795839279581
3.99943827434793,0.566491997196623
2.42364945748544,3.25655712528296
8.75214208159586,0.444224413254732
4.28613654164128,0.808361090506106
5.67004256202846,0.290746865326037
2.9080358671297,0.885648754898409
34.1528698556149,0.119618338655122
29.3573799525157,0.0747965355321977
11.5627759694592,0.128879568281738
4.05543417979583,0.205088215448541
38.9354989112918,0.0738571922520168
39.0170833228707,0.242899306240643
5.78103981977845,1.8630835421777
7.82619328748906,0.493900512185931
8.26335474494951,0.452597442394172
9.46963398749855,1.1017936055213
12.7820076665103,0.247109093921237
13.63604814233,0.210905289561865
12.9256143799206,0.123235374775788
24.0582692756476,0.104899037975322
27.6533531675335,0.0957262170565219
5.34513768098859,0.230079525972192
12.6722980649835,0.0478395082849855
1.71385192056471,0.162452390270464
3.23707103878405,0.293285238345716
2.34790109391595,0.199144670936406
5.68566627565011,0.127642379490663
3.26044125611653,0.349195728603608
4.45391910684731,0.178387341793715
7.74866650712229,0.102886325293744
3.18343022819598,0.110337863681918
10.6189543089622,0.0820643245525389
2.67826832268549,0.631669320567882
3.13360059624339,0.174623171444701
6.30602389925045,0.225554347022328
4.98529383536786,0.135978032755211
5.96528970288956,0.191821356256596
5.86306981797818,0.133864998667533
5.58047922063282,0.109987656713248
15.32814935288,0.115835810665783
6.13667154394624,0.143380967151308
15.1704090190421,0.0869824095170061
0.667409809932053,0.446291313638443
1.02729746875533,0.483640478966837
1.07537471181279,0.324173305201716
1.14747499657435,0.327785690875392
1.14747499657435,0.292923703689564
1.26766837504025,0.294840225179541
1.33985043818738,0.298649372343206
1.55645969424289,0.389740524905807
1.55645969424289,0.383522938573068
1.60459560603393,0.31478107333112
1.70095774742701,0.271971676364971
1.89365904067473,0.30092986954937
2.01422556988969,0.292439695529698
2.08648216204847,0.235488585636171
3.99822166449198,0.177292622435588
3.78282457207245,0.103947449117435
4.21360176585016,0.147578659504855
4.71640109956735,0.123622952893134
5.50703645060938,0.0797974557873416
5.72294051684734,0.0921740704331705
5.79481417837662,0.0921798090939296
5.86675747428834,0.0994624586724651
5.72294051684734,0.0757687551309318
5.86675747428834,0.0813717897664317
5.93863026176515,0.0968381363188026
6.08256020945588,0.103162126284829
6.01059107590779,0.0760304173282768
6.08256020945588,0.0844054422647374
5.93863026176515,0.0720880421393149
6.37038721395626,0.0997500385348421
6.44235093568462,0.0896230570885317
6.58643268650012,0.0916858039897931
1.33618671395924,0.494108109998023
1.60500247803376,0.534278915790746
1.60500247803376,0.380884693147587
1.56661061428074,0.321771750117485
2.60543435506568,0.17422884538969
3.8010267439416,0.149337032518962
4.30299145900414,0.106416045346692
1.52768523670951,0.256504244166954
1.58351554511229,0.256652001693032
1.76518384057056,0.2357810671286
1.87695497657348,0.244150095892143
2.25459368226558,0.226929404872814
2.47862457872023,0.220112093608094
0.978266073562772,0.406093121845589
1.90221784509314,0.181862888984351
2.56095268975657,0.124317088971541
3.44732847566943,0.1175182973213
3.55064011050529,0.111743790511518
3.63313077773893,0.10388639267598
3.63313077773893,0.0955762265529973
4.81042067947542,0.0750174680231975
5.26518987922854,0.0709982101157039
4.58649751378421,0.346275838163266
4.67127474800401,0.34301713219621
4.79817516805146,0.320276549891231
4.88273685202451,0.314390593979927
4.75585021733195,0.2480020297215
4.75585021733195,0.266104348823255
5.13684894910873,0.344290124181149
5.94152180955023,0.275267860424998
0.806804926675044,1.76002169246412
0.826110246380021,1.01635549793435
0.922752056698311,0.691022074343646
0.903421069756676,0.575467554660372
0.980736201388765,0.488252222525962
1.00008392222856,0.45188124795258
1.0387514345481,0.449716708368966
1.1354745174237,0.399754628032444
1.32905102380453,0.371853700968231
1.40657194139327,0.359267947427941
1.46466474294939,0.34886299527944
1.27235227268125,0.19008347274713
1.84280360089127,0.131975179995783
1.97102930226265,0.136716004953013
2.27422799751292,0.119766907003423
2.23931112396808,0.106140630705101
2.61271957289099,0.103892860533614
4.24954919653082,0.0734776755871811
4.76486184455987,0.0592044371449911
7.48793906004719,0.0953080965194735
8.60949841350715,0.0902821252610681
1.87103179305183,0.219943433655646
1.94427409664398,0.217929566286661
1.99319416230948,0.196546532904558
2.017653415549,0.203115504490425
2.017653415549,0.189702946338161
2.06650480624358,0.198589080327278
2.18879283548556,0.197837872853542
2.2131895396394,0.179660010817345
2.23761610749474,0.191780309252913
2.35998040683248,0.199850288086154
2.38439026855619,0.202770421452109
2.38439026855619,0.189623243301902
2.40888973887854,0.196195814473216
2.38439026855619,0.181715052346612
2.45774899512122,0.192645642943246
2.48224690474718,0.190105662846383
2.50676019168746,0.183083399419845
11.3368583822788,0.178625582672597
12.7826990303921,0.153330374723552
23.5656549905373,0.103219142304992
24.8556899407862,0.101782553948341
3.06885635261061,0.141926130875295
2.83150802119152,0.197143963540026
2.23876615726404,0.732839579316269
1.76518384057056,1.5718110529657
7.47686030856979,0.0676707823571481
8.06190519604001,0.0609453237046672
5.10886375390395,0.0762110935519829
1.34975168400187,0.225527141630409
18.180509994727,0.0850486414885322
6.66002643591666,0.0542753486288513
0.563037825243621,0.2914729429779
7.79580143638142,0.085385863720649
4.69018323143414,0.122551093322647
3.25617861095784,0.200398490181145
8.82618249574777,0.0556125413346901
2.9584060707671,0.0842384384021434
3.55150441722709,0.151374710268611
7.62691399534556,0.088308323094304
4.42124691355615,0.0806624979374084
4.00866951308338,0.108193427836119
8.39120976049884,0.182861980415854
11.7154740692436,0.15982966566377
19.5369981108532,0.0927926651089396
3.41596083458787,0.216475072100662
0.81988945875554,0.161427191773032
6.47536374046841,0.142142222440781
3.07965404381419,0.135384097156055
3.47423612848624,0.0848291878281115
4.62785969033462,0.0741235581783019
2.29735479469643,0.23305200631554
2.09492786809589,0.15317473642321
6.8713152066484,0.063244021145671
2.11296456924859,0.169489956882093
3.88545789758778,0.141552203206275
2.40214039160145,0.418213117497053
4.4977818912929,0.119046748940737
8.47854666986186,0.0594024233737543
13.9211418986846,0.102137629768212
5.34479438048831,0.109718793413669
4.59085634101032,0.119017569756679
4.13931296790304,0.135127268489591
8.44096911897748,0.0728576028987883
2.93842231590626,0.301364600938213
6.11170427152281,0.150960615665289
3.1135488933009,0.10331155906001
4.02715511941103,0.107328407215378
3.95055392780734,0.116017595113596
7.11988043447452,0.160342939702214
6.0064881264561,0.10545315691707
1.24808313977154,0.0774026258490528
6.03186152575362,0.087175203217974
20.4116103701929,0.114935624130043
11.5613689047447,0.0605750883095498
1.33002182400568,1.61792889771583
1.68396562870773,1.35952399670877
1.87708188031249,0.92812723835156
2.04748686350636,0.896860417999107
2.30647473863259,0.529807281346546
0.568476992112634,2.43953096032311
0.845240087643446,0.730578962267204
1.12463314960678,0.721796970026444
1.44141211878049,0.421001791492664
0.616306071538557,2.92210553730433
0.86027593908582,0.985301058396542
0.983817667900793,0.269879123880645
1.3647501391622,0.30390578781976
1.2628565645872,0.299793868247207
2.17974764488309,0.227792848109635
2.90327198053977,0.164760034665153
3.94911188431062,0.0804199335176794
1.56244302551013,0.350221724888885
1.74744378793652,0.401445881103083
1.84911867612663,0.456733645332267
2.58494963615012,0.314756577623309
4.45488281418469,0.138127645435404
5.11804252566629,0.0870264196738523
0.522878188218151,0.512704668474075
1.14117348163566,0.262487549758602
1.75954199959252,0.110036027834889
2.31038431885599,0.172854021825948
0.37553971965882,1.73625545939472
0.828369778447607,0.589714299266712
1.11516498338985,0.20642121745171
1.49365521871218,0.658444202581846
1.88904283673449,0.261575026312073
2.01907942421964,0.270582567146849
2.06551306946785,0.233168108196495
0.642689311542283,1.25840676404057
1.13277547778228,0.412023587494429
1.33070090636372,0.300601016028419
0.505856897169918,1.68846555885851
0.699072013848335,1.32989440613792
1.25065944366351,0.688627812764034
1.67380667832461,0.992608539737044
4.24657659188774,0.0828945705469159
4.51835497536801,0.0865916983217178
1.86232998604425,0.439593851926151
6.13101083233919,0.152816951371638
8.1811931908409,0.0909821426717845
2.99052161401912,0.183373571480771
4.2101988450111,0.0785494941307278
3.04780710699189,0.149458527598717
3.1530139195934,0.118050390059074
1.10729521241036,0.990320834663357
2.68755545898399,0.168025642672567
3.8962695841343,0.220553617928975
1.01284241064197,1.33839763909163
1.22807377308868,0.59546261141544
1.52052372630319,0.353712619341803
2.31884255033152,0.136984381212631
3.17834412462664,0.419624730807113
0.980656636452913,0.999690108016564
1.31522272820133,0.558151382688009
10.4977808028219,0.101907383773779
11.0873966830103,0.112456083017543
1.06350612787371,0.77452501644341
1.5520357675042,0.259422117322943
2.74041739696647,0.146882607108036
2.99142148069894,0.0806292353325663
4.75805327157975,0.292900908883699
4.75805327157975,0.202701790719739
4.85373990055541,0.275381418813952
4.89895601815694,0.244430507816933
5.09064160772609,0.274341862153017
4.94956020570033,0.235572900415734
5.14113987446276,0.282452750568453
5.09064160772609,0.288452608937892
5.60922719274027,0.377829178918027
5.64890214249216,0.317807392809509
5.58682132413718,0.350509380013336
5.46821000912014,0.284283064246389
5.24839688137317,0.257657609037604
5.72220540940315,0.2831790501659
5.72220540940315,0.314844771093567
5.18067286313205,0.261357306710032
6.32583738369415,0.288553641487103
5.82929530354952,0.330595973521033
5.32740530540805,0.270804810532954
6.14512047896552,0.435795965988616
5.7840306075298,0.319564506857366
6.05484447976029,0.388068384233134
6.28055868830833,0.481501765388322
5.94208421842708,0.397719051018472
5.94208421842708,0.393914912544931
5.72220540940315,0.495737314641541
5.72768229311737,0.291825873907434
5.49078979923818,7.13407927269426
5.09064160772609,12.2139829560053
4.60019286686689,0.390033320300266
3.43491652707943,0.409356499964353
0.927819228609655,8.78186956701296
0.504930909828256,8.854128954967
0.53650752805132,10.3118019734742
0.771884604594495,4.07548734683054
0.675549610177356,3.60100049677707
0.932523251880398,2.47597592957722
0.728887466002561,1.35998959587092
0.755397469740993,2.17993639380961
0.684066123040635,2.21355373905795
0.614018588912693,2.38754314786626
0.610749844425486,2.53271612545795
0.426042854126197,1.57168873740245
0.461003707340923,2.20450272344962
0.461811668272257,3.87913713856753
1.01245216421474,0.451944551131874
0.722379764587248,0.767451152470751
0.984273402121446,0.549396735097294
0.801468819193018,0.684116985657083
0.694673840370536,1.35611095208184
0.690191336771245,2.10962372195709
0.652300290687376,2.24055544953807
0.543183021245677,2.11891170696167
0.614429708290203,2.91607424856973
0.464266028795741,2.38347755772002
0.466293441922506,3.91563898640169
0.465890087100116,5.91775126611675
0.938957242642363,0.319113454692381
0.743171305313272,0.552038898389304
1.04515138947654,0.543350525823937
0.830438958777055,0.649985321601057
0.842270864944501,2.42356034705912
0.76724616996193,3.3798987672315
0.693036646982962,3.7911856837177
0.692214817771507,4.42956722708809
0.692214817771507,5.25237246128823
0.541553081989924,4.13558384165554
0.578188725170853,7.30304829024238
0.504120783358851,9.34703491522434
0.908369805171657,0.326671583059715
0.684066123040635,0.569575295090249
1.0202374532583,0.596773146658481
0.803120503062707,0.773311436707566
0.794527932708191,1.30352007078441
0.721154932006096,1.97474514148647
0.684482492255611,2.34820222742339
0.719520997950936,3.40105957876293
0.683666184657229,3.47458899866726
0.570438595405272,3.3868893798227
0.60749234034444,5.57436338169643
0.570438595405272,7.2077691777154
0.885901470300331,0.507769092192585
0.755397469740993,0.801586174817552
1.01733763146017,0.58101821170976
0.941417219080986,1.0614374839403
0.822282065739162,1.15224242150945
0.737036700113686,1.1636189230789
0.76683129888957,1.71453049441573
0.765595795340466,1.98657515760969
0.787194642041796,2.39783078831189
0.589987861176668,1.71352341697762
0.590800153160287,2.8069379279051
0.587959032586838,4.10686358594143
0.742749365229635,0.389604063350308
0.720755237726952,0.695952033946268
0.741119114204879,0.416759222728664
0.736247310175431,0.80792714402008
0.571933088914295,3.5759092592675
0.502660732086606,6.09479554576476
0.457855618590925,6.84030607816939
0.457090116599028,12.2923172840988
0.339640196438341,11.3144779140891
0.339395730572649,10.170143624169
0.362769849322359,17.2409408353375
0.50517505540208,6.5449911040826
1.04554010199056,1.73579612034579
0.57898477217009,4.18427240781334
1.04554010199056,2.30145380227688
0.697499902724171,2.15768301038132
0.651086424947853,2.23090785968435
0.55532368007639,5.25592975786717
0.484034269072155,7.77509968510876
0.436204813997852,7.58661373521174
0.412557196598173,11.1244927327993
0.269079500471038,7.33702812760152
0.244988829416144,15.5683469806057
0.268825838176799,9.00996715447545
0.436699075835819,4.98421058516569
1.02376483594706,1.66072774540405
0.532640337756938,3.49759448230384
1.00004335411914,2.03232150971455
0.722467681086203,2.64767406472428
0.676063631133735,2.76997233148142
0.560360519556812,8.96649483714521
0.464146767204982,11.340262077748
0.510971629090668,18.8367269295962
0.415836391585655,22.5412298696619
0.367291061609583,27.0153446108762
0.343167099563654,21.6154468683779
0.342906184654772,36.1090003155022
0.489073820151631,14.516053147816
0.98714571544437,2.117370486529
0.512980987518571,4.86538840954266
0.893906463639252,2.08945353594915
0.610233908513473,2.60419880977719
0.448723257915196,4.42956722708809
0.575478281636656,8.20506261937459
0.593123431399965,15.3670284874778
0.547062025718065,15.2521175016383
0.547426463419575,30.3746305289745
0.453927319920134,35.4360215236704
0.45427578134396,31.4944137829057
0.45427578134396,46.0640680847359
0.555038411394761,14.4055435688569
0.908111902285516,2.08342963090473
0.530550386176565,5.21435425861982
0.895270341901572,2.93654701942471
0.779149016348686,3.24026449366924
0.679688829167041,3.3721483412509
0.693074132526623,4.29616181206743
0.638048126593266,20.6005658094571
0.555425060821458,30.8061036871363
0.555425060821458,43.1305448042541
0.522750938726198,71.4209364062392
0.40498359078757,66.0499855150979
0.420730155673942,68.5502857230534
0.437973454043061,105.603297488466
0.589216521133227,40.5698434411784
0.915933569900486,3.89984073992255
0.57417052792521,11.4626160429133
0.866785572053853,4.54311660747812
0.813930100483821,6.46332298333208
0.741209311357435,6.92374654815172
0.737861855975706,7.84395701562779
0.418881024089607,4.14239628552829
0.413320766798809,6.26276685022261
0.376056760642005,4.67194014520889
0.345137883543394,7.92325278564688
0.241717218242373,3.52524858143967
0.273513615755771,3.97613133433309
0.306817547101002,9.35038154532236
0.365329602791845,4.76722874876683
0.638048126593266,1.60579292015952
0.45669626671121,5.14254198956045
0.6209654074939,2.10762995563751
0.550216783348341,2.44195271571048
0.511241161994181,2.5553450531968
0.527752746946067,3.29479427453531
0.708725502395443,3.22326313662418
0.700770841833364,8.19121824726335
0.503339180237446,21.0551148286568
0.451533720912216,28.0603754229856
1.01208259577299,0.757981098865354
0.662637144471866,1.82203262639977
0.963262755684796,0.793841866260594
0.712959532116631,1.46537551335008
0.612873889799973,1.31461400144513
0.74263387579885,1.78927868432328
0.717728188642258,3.26312756588779
0.350649875083345,3.80996676396474
0.437264843480573,10.0007741355893
1.48184652354425,1.0498582963569
1.01316088097496,2.32343542859208
1.51378465179893,1.14813395825142
1.01581526371204,1.66372234650183
1.00892283102949,1.90579334610871
0.614462942076262,3.36122296199638
0.560472293027666,7.25018669825857
0.455764736400691,16.1200032352368
0.454707507217121,35.582064820773
1.10979847387303,1.05946099878212
0.760118429709097,2.3915691436614
1.06092794701282,1.0691432136722
0.807850186782974,1.72042473051037
0.755880252731225,1.82028940839242
0.818972570875211,11.5982884095796
0.66635701789213,23.3351537725124
0.564705702051961,110.313242683662
0.564705702051961,300
1.30163071007637,1.63774143484756
1.13582002840458,6.96723016869933
1.1092696200795,1.17900073894689
0.954226916797553,3.29161638541034
0.903815119009429,3.85918909814176
0.980239026428638,5.29707407900458
0.926668862846733,16.2647259371348
0.733631204729367,56.6988387210194
0.682776987361052,92.8662232229521
1.6814115992635,1.43425354632206
1.01951344703314,2.89960026630233
1.47391801297162,1.1727324950912
1.06941853241011,2.35219849449931
1.02108968052811,2.54485687555215
0.650657376826698,0.896556861953407
0.649446568385902,1.08179767139469
0.572068442739659,1.49247310990137
0.606259377269315,2.06353397539792
0.567599446787112,2.49661114693343
0.348457915596222,4.07266560389797
0.347646078466918,3.72468490903249
0.310312913096409,3.33442739024555
0.386223148059798,3.0145085868472
1.08027527137004,0.631834019006803
0.748460764443961,0.968334447695125
0.93980828904171,0.573935758250468
0.750104629305304,0.778043976835044
0.639676500995946,0.881780348265191
0.621748883963134,1.37928148203326
0.659209849651758,1.86578952255954
0.542355522019506,2.26366354246507
0.504120783358851,2.00077912349686
0.466293441922506,2.44452905954265
0.313554353528252,4.89678309077224
0.351706432386661,6.08799307241704
0.313554353528252,4.89678309077224
0.389892263947253,4.97678826178933
0.922225040986818,0.65149443463756
0.652695118640204,1.01839024959745
0.955295229859809,0.911861251995689
0.692214817771507,1.11386758543452
0.615623095562796,1.31508468833401
0.657998696099315,1.45756205097273
0.583884778004541,1.34870165448312
0.654325482199758,4.09806800184869
0.580219144322615,3.64528135620048
0.506157951882766,3.92260803222222
0.350489888247552,5.4578423470771
0.350906005933979,6.07433998687435
0.312751933740578,4.88471793784683
0.389069373887307,4.15607102916841
0.891242178787811,0.754611601997324
0.583050457461217,0.912407824641226
0.815337310939747,0.801473897872924
0.660028192073764,1.26098988830745
0.617269353630659,1.48121476804468
0.804310517599911,2.7176068719721
0.840621069979129,3.46868584650973
0.729713365321084,6.51293056432729
0.730530322279804,7.676409453448
0.655545386739164,9.08314907159784
0.429295706592981,13.982187696072
0.429295706592981,13.982187696072
0.428880859032371,16.3397671281543
0.467510344057292,11.4797112534254
1.56192549707604,1.81944674302689
1.31404505022216,6.32467521614574
1.55869746042699,2.53773727000703
1.37251356343119,5.30687347584752
1.24533531850462,8.77940961333555
0.763972213583817,1.97808275327245
0.691412661209951,1.72240067734905
0.653929668008351,3.84088267698699
0.57898477217009,3.20586445252827
0.541553081989924,3.90154065730419
0.313152886620478,4.42324622997658
0.312751933740578,4.01513912286434
0.312343047209123,4.41209029818357
0.390286549799789,4.54808671673524
0.956131994643571,0.704819865930579
0.68815283402595,1.10748874582794
0.883873351428017,0.804498381075118
0.691412661209951,1.0112076908322
0.576145934552991,1.02997498411626
0.925169577129574,4.44934616085866
0.784296750313197,6.65472117029164
0.83773886890211,7.09576386582765
0.819515377572209,11.0780573555799
0.741908711592564,13.9470858290183
0.565444955119601,17.7373421381775
0.546396674858715,11.3418507133614
0.919864966526844,3.31356511115203
0.704157088741158,4.78872037202824
0.706921355354195,2.46842463773753
0.703745404200366,2.36759751292157
0.607155642635968,2.95224283487154
0.784954544515635,2.13432761325121
0.645255901613732,2.87138544424998
0.625772074542801,2.90956855126741
0.586611018603949,3.61572882962823
0.525873929226561,4.01795227671376
0.483349161945112,7.74915539345084
0.46474181063375,5.14856851474706
0.864061905032901,3.00134157797517
0.607360923907642,3.23493566502166
0.66921265029608,2.25440763252563
0.668796526270314,2.52529637633415
0.587891459009346,2.73774068689136
0.762475785814423,1.66576279608809
0.623259807563011,2.26801008264403
0.62303230332723,2.3568525896823
0.603129796329029,3.06831788670634
0.505345856709864,3.29027183192243
0.403876192415872,3.70312402243086
0.404090599457188,2.64625273350234
0.858120811377052,2.25251366735405
0.487385420666513,1.29837195927362
0.665188946736457,1.64839901202759
0.62622493347251,1.65737090435227
0.525873929226561,1.44496939438251
0.648658887583325,1.23353655740075
0.488862244193826,1.3458131682771
0.488649107903038,1.34528437113938
0.448893181908607,1.64754616743684
0.388462210161704,1.75164560318088
0.306755322332823,2.24929932797166
0.326801495920103,1.85447672670692
0.611590721391385,1.19761104616379
0.429878039314744,1.22780459323969
0.571156391061513,1.46705853037589
0.531368854992091,1.36743962215034
0.449950581502058,1.32809999581447
0.549348855066315,0.689126379104401
0.604395213010248,2.04152334075525
0.584720292425275,1.97669011479151
0.58301103921108,2.71570414996183
0.503027898682228,2.57114341573256
0.514038149571855,4.98421058516569
0.532442311909467,3.84842240671239
0.650989589379727,1.38670228909438
0.527155429348822,1.7226419651639
0.609699858562879,1.61480307573786
0.60884511570868,1.72336603143668
0.547241439332355,1.92363663042815
0.812088709244408,3.05395316051801
0.734323454312884,5.49755027161644
0.695903096799837,4.90240715725785
0.676369944977836,6.65109700582616
0.637101951236391,9.37099697391664
0.480457597257223,11.7959520236624
0.519444519769124,11.3789378465256
0.776118060386213,2.27499253570417
0.561361590781549,3.33673764545374
0.717294020922421,2.8310253445147
0.697787622309839,3.02521325351185
0.600166485970715,3.56119069944729
0.640652487757551,1.74779892658502
0.561152886902267,2.56800392683337
0.521737584416543,2.17414223490844
0.501611707295296,2.82987994363961
0.44190707383176,3.15021904846053
0.341264092207507,3.18140894018022
0.360930130922713,2.75254524431717
0.582120897100179,1.02840916572038
0.403573212275033,1.2519014451974
0.52257248815456,1.1973501156985
0.502864680429711,1.23691060107193
0.423461190287621,1.31194655284382
0.672821581612942,1.22075426476032
0.596017713983654,2.07120820164335
0.575885010073293,1.92045066521461
0.5565828629069,2.67715726356085
0.459317487828028,2.59729719559491
0.34084558140766,2.96646387067415
0.360304756848421,2.43121088048786
0.711257603642837,1.11210499091093
0.553880077320673,1.46128728507746
0.652898139944328,1.34520062036244
0.633781019474528,1.39657370408094
0.59205971522793,1.74779892658502
0.87071791522145,1.90280721636927
0.842008957429431,3.30930017883311
0.824347186221967,3.0989862730486
0.805848186711041,4.49037480293334
0.781932723425028,6.23189478910782
0.563014985780261,7.00613268890498
0.563637692643422,5.18602635194139
0.996803231527108,2.24587983301315
0.754912443149578,2.9753998085061
0.86865407880255,2.3510821480264
0.832032205146021,2.34192437599755
0.771748931591389,2.90618544643413
0.715206899294363,1.8743686139978
0.636501352742892,3.05093633788881
0.615325571660303,2.43820239054647
0.578364660914459,3.63593191322426
0.538537196402687,4.63150467398967
0.401291815375105,5.97415661229967
0.400891832244628,3.996263981526
0.618436896436998,0.892817967017154
0.441287560954608,1.08921034963926
0.520678668717086,0.922567950342633
0.500983004845219,0.944653974910822
0.441287560954608,1.08921034963926
0.459869028871586,6.7977468626116
0.437813583609021,11.3833663246672
0.395089261981611,13.9300015685365
0.373966309394756,16.6299453600278
0.200462982073539,15.9159475459926
0.2,11.742875092147
0.439204037796541,5.00436266682955
0.546324643780961,3.47022483166105
0.474126445969203,4.52353683648312
0.432304415655696,7.40050830191526
0.466531521963275,9.32356946160061
0.427936620697706,12.2498697098078
0.360197589136465,28.1654983350909
0.36088620963141,24.1233192315379
0.47917621629914,4.83750673032507
0.582674121953685,2.97885189519664
0.580837316910342,10.6542867145732
0.634008162179061,24.6942901169425
0.575069896454344,28.6948166804438
0.535047721757067,35.3993634073865
0.327617811585625,45.1122472287139
0.327390852915007,45.0822407951266
0.642278823946535,11.7506910701322
0.645290802752623,4.48011281555624
0.572552110804676,2.32518997374329
0.587285631474997,5.57217310189362
0.563132999647609,6.78395373372301
0.586355265376684,9.95825434192334
0.469291679502285,16.4722277119425
0.465617705056913,16.3463806891321
0.63468364224567,3.10928913535018
0.609366057217356,2.01004147956801
0.601313875501026,11.9371953621752
0.538965184773267,18.8494112151617
0.537347902056786,26.8606345246481
0.516431283235893,34.1995072174758
0.349183107354864,60.4556222492296
0.349413361189656,48.0326792303819
0.582912505244487,9.19548695352295
0.605466764123908,4.01651419635773
0.879581231936927,3.14934887186729
0.788955582929189,4.97609117069962
0.697898496767017,5.37231928337686
0.827986230081289,10.0808661154371
0.553973703723511,12.5121746222356
0.553973703723511,10.5520922316055
0.748460764443961,2.20481154801754
1.34502836231189,0.65682186607036
0.979427515957804,1.5094155510664
0.880071978096291,3.38359633161351
0.787993371139641,4.53742799958645
0.785557121990523,6.02851872840587
0.781700148252818,7.4600951478663
0.640600513053222,14.4134491934595
0.640600513053222,14.4134491934595
0.837152861696119,2.62188002742906
1.56063242583386,0.820603487550047
1.06484076178704,1.49801191869053
1.05276097576585,4.33776910903691
1.04554010199056,7.20280676505627
0.870400083056628,6.66163844503754
0.869450221626607,9.31704160026357
0.5063650309235,6.24500285152191
0.549152042797774,5.95600600878905
0.879581231936927,2.42457902554417
1.60612055072069,0.915145606059903
1.01850414440622,1.21412230015372
0.922477596745344,3.54234006788825
0.832316331513166,5.24259210552347
0.83038281535039,7.07398540399034
0.785097847024464,9.57229011578822
0.373786839141027,4.64648667999268
0.374740787433557,4.65792715788795
0.833296044857498,1.9299643480207
1.63367512287104,0.669389577151451
1.10056680622905,1.12279681860054
0.741259425629848,1.62957313896016
0.737861855975706,2.65402787292153
0.692591661109861,3.37460290645742
0.691141588338973,4.37444846415838
0.416996318418795,4.55522415918638
0.417471637674658,3.62089585183315
0.6988546345923,1.2519014451974
1.55677541930649,0.720231494977938
0.927819228609655,0.82449860816718
0.482405665043879,3.56468433015316
0.386608495755606,2.69456833849201
0.338070880933263,2.69444252460114
0.338070880933263,5.06980484811215
0.235916968189293,6.90260347837093
0.235643581461421,9.12487881635711
0.539831306497834,2.50340106461456
1.048438792274,1.57373877919925
0.514547543723613,3.79568763622697
0.483775809210613,3.81985289921564
0.411305324400889,3.49344608924175
0.385786015550049,3.79486064774505
0.361378189211997,4.938765840241
0.258906306361719,6.65951327388673
0.258347642737101,8.63246185095862
0.578577810330759,2.10235517394337
0.95138606318016,1.03687923898254
0.459893902650823,1.76040524216534
0.465921586627148,5.33449136461556
0.315324159834748,2.51766323956527
0.315873597536545,3.65341786685241
0.315048201960839,5.20804807722893
0.211843845725402,7.11506188610324
0.211578328109077,11.3960856305386
0.468673382563482,1.87975879513078
0.822693563110022,0.946349997133346
0.466474750125396,3.04037724731267
0.413766718660189,2.87883614044183
0.478549749505808,4.68094732978452
0.455490575225903,4.81731421861065
0.429952158179534,7.05018858931685
0.259724178125051,7.58038757282466
0.284910144164419,15.2273306382131
0.51481374194041,1.96488073615708
1.0169731553622,1.22497005585763
0.415684601691088,1.84458137798366
0.509328142349432,4.97372953249593
0.482125256991877,5.51529084380692
0.482715281349988,6.53255976140791
0.456597471397945,10.2764733744864
0.336152950131582,21.5593362995441
0.336969841707301,33.4549410657618
0.563997919810658,2.75254524431717
0.92160797351814,0.891422506222653
0.561821012582921,4.41873921150918
0.651539983094042,1.55373894948341
0.817901860136967,2.66567120229324
0.943108603741708,5.59196015969592
0.89585463273572,5.76199221085309
0.512331107505571,3.96472983529179
0.560472293027666,7.16939275117633
0.703969064197304,1.45415748227064
0.85981948397634,1.31498235076355
0.758552618905251,1.99213297831199
0.798302460479546,3.11958983468036
0.701325390349309,3.60435085558972
0.603862190151305,5.09700206886355
0.600706399906067,5.57939778013896
0.352768558277872,4.56739952185093
0.403457266547508,10.2969267559488
0.555712406786973,3.0938897857518
0.805717438690632,0.863681114229902
0.708725502395443,1.46376277261572
0.509155995073166,1.06068606813885
0.556774809657369,2.06395154337802
0.507576683438494,3.6012246912837
0.505980034267142,4.29049860799473
0.30475532537685,3.96082872118513
0.305804855463386,4.4752518144216
0.408727291058587,1.43808706943073
0.710841767795095,0.65355611479059
0.6086393327966,0.752295532820439
0.826406318540341,1.95860619537963
0.778161936154305,2.69224173219495
0.587998785378222,2.04923531212533
0.625592291553641,2.46033148616088
0.343262237905228,1.46224852853234
0.344319813625288,1.94102000559912
0.544606107807494,1.24327513103509
0.884220015687549,0.595133690756917
0.782384857162768,0.787142693263663
0.902761650985939,6.8835602842743
0.754828233436791,6.33420634866631
0.705541445838044,11.463329693342
0.700242769897628,11.3791149525688
0.4509982750546,9.81163627660955
0.403985430192524,10.3097157431384
0.608106678348732,5.1316481186341
0.760655655509687,0.843947850818988
0.611288946945041,0.981333346878766
30.1400269210112,0.0419065794425577
32.1855036582342,0.0436232747252462
36.0727990445006,0.0485351207818133
37.0065666835742,0.0497548908751278
37.0065666835742,0.0510901308196679
36.5389232143413,0.0507975504858479
37.0065666835742,0.0504227993771111
36.5389232143413,0.0514618313801246
36.5389232143413,0.0521234401819205
14.7930216957352,0.0444742317942651
14.7930216957352,0.0449929283194259
11.3734783082111,0.0556642830570591
10.6620100186343,0.0456627828732059
12.0682838415407,0.0521274966517503
12.7553754514668,0.0497649590637455
12.7553754514668,0.0414195954143118
15.4563576956757,0.0472190453438152
17.4130900270044,0.0468535538184105
19.3042692068842,0.0523492560591576
20.5405642098025,0.0525817787056086
21.7452695007527,0.0520103918477829
22.3428762479813,0.0526333629458697
22.9328615892419,0.0527518704100694
23.5223582667815,0.0534708282367349
23.5223582667815,0.0495181032207299
24.6776959678286,0.0538938106754726
25.2428302252591,0.0541367747823364
25.2428302252591,0.0546874563512647
9.95051338975958,0.0517085172316878
9.95051338975958,0.0517085172316878
10.6620100186343,0.0478168037953497
11.3734783082111,0.0589449218841141
11.3734783082111,0.0582916859732967
11.3734783082111,0.0589449218841141
10.6620100186343,0.0478168037953497
10.6620100186343,0.0646701851827682
10.6620100186343,0.0646701851827682
9.95051338975958,0.0522953048995042
9.95051338975958,0.0747389321915498
9.23137810317209,0.0593904053833024
9.23137810317209,0.0909064145100606
9.23137810317209,0.0909064145100606
8.5043812037303,0.0699719402851615
8.5043812037303,0.122913082258763
18.0513549662153,0.0506099265303651
20.5405642098025,0.0492676790656431
20.5405642098025,0.0497587630142846
20.5405642098025,0.0547492009623533
21.1471985240343,0.0541624801357771
21.7452695007527,0.0547176812140734
22.3428762479813,0.0553420621648047
22.9328615892419,0.0507069071305106
23.5223582667815,0.0510307256998147
24.1036931459397,0.0513704024486713
8.5043812037303,0.125745450861201
8.5043812037303,0.0715829579584957
9.23137810317209,0.0919444589572679
9.95051338975958,0.0755785399208916
9.95051338975958,0.0528850472743157
10.6620100186343,0.0646701851827682
10.6620100186343,0.0653984631418834
10.6620100186343,0.0488943203005874
11.3734783082111,0.0596024631759683
12.0682838415407,0.0551649066018847
12.7553754514668,0.0526300862520088
14.1221603287216,0.0493046917666695
14.7930216957352,0.048618098196159
14.7930216957352,0.0491363457199625
16.1107786755366,0.0480830473351185
16.7661347688923,0.0481360241497502
17.4130900270044,0.0478395082849855
18.0513549662153,0.0476639228118994
18.6820440096742,0.0480733194221656
19.3042692068842,0.0485615674356375
0.993234432393788,0.861204521137803
0.993899457734944,0.999075699434788
1.17090742833515,1.04788298551923
1.11124003526453,0.995842682037767
1.05288910097612,0.849915914098028
1.05222373151926,0.879375028591434
1.11253678490193,0.961793046687511
1.05288910097612,0.821466055979481
1.11253678490193,0.785258254238778
1.05419615641142,0.822479932440651
1.35069194453896,0.63286989829776
1.52664756903464,0.439689649660512
1.69550398960576,0.43246650589181
1.86575159997943,0.474720861990236
1.86773939460134,0.424870738759186
1.697448110508,0.450096591846216
1.69879137035042,0.541792476056873
1.46823397873547,0.66887405760814
1.35201215204778,0.586645233767302
1.58446866797752,0.46534245657096
1.28832286820204,1.10952892571295
1.40714739727075,0.73324175467191
0.994561566265385,1.77892118140596
2.12755745805042,0.616034945874315
2.49616471996603,0.719772037124716
2.34145718226245,0.558001548444118
2.12885243436746,0.533769824799297
2.18082371887721,0.592695631930795
1.9650749409243,0.554348540109381
1.79930124558147,0.538388016379373
1.51876170380275,0.873488955305827
1.57460652401119,0.721114813074268
2.23090165179517,0.564981893804215
2.17757500578793,0.588790293833271
2.44813848690983,0.480373336788877
2.90470523612028,0.311229646113728
2.75379920480907,0.468343329344692
2.65496626029012,0.377967398972033
2.80448261931768,0.507990425719579
3.29432071218822,0.408068337093586
2.95413882023575,0.425012937654801
2.85714178007738,0.393407899589078
2.39412278426638,0.533886145670623
2.38822200438957,0.387023364783214
1.46097577018363,0.902026094650409
1.34543763795978,0.747870915871926
1.34671628908512,1.07302329402355
1.34543763795978,1.25838717803203
1.96374681823569,0.871038464934786
2.01507006415047,0.846025800762035
1.63109260139837,0.637702515301471
0.993899457734944,0.76458677211836
1.46097577018363,1.05074921833107
1.85323632835778,0.956419063878498
1.90785920018517,0.533049615676267
1.79804261531517,0.89074985536245
2.01963918612039,0.550533047158227
2.54758634766285,0.45055042124812
2.85189240854781,0.308387134724002
2.85189240854781,0.337120966311486
2.65496626029012,0.352959200537304
2.5521461796975,0.361427229232843
2.44421888182606,0.309735220925431
2.44421888182606,0.446298259883314
2.54758634766285,0.400112546386554
2.70099868802657,0.32403710490964
3.10444737327095,0.289515217401805
2.7056501741595,0.24980634088616
2.50017607831187,0.361273971090953
2.44813848690983,0.350651249547941
2.33947921721212,0.343907196066147
2.18082371887721,0.395506044167418
2.01963918612039,0.348643158004601
1.80000695011817,0.441312823009284
2.07360750882825,0.617402769781058
2.39673832778451,0.3335756905344
3.35439669711712,0.35308145310769
3.11091869748092,0.3121440916084
3.41177165519931,0.313873557914814
2.9131916145693,0.314844771093567
2.28548785784192,0.475662002627577
1.2312745574383,0.907850091889347
2.28616011884876,0.602965537277074
2.91190182139319,0.296310051921836
2.86380421168434,0.344923022173053
2.91190182139319,0.342054830183754
2.86380421168434,0.352725802025968
2.91256141524616,0.36032634169491
2.75905455105453,0.353522738420976
3.11295953623261,0.322717170101994
3.45131629735566,0.349651204183388
3.01215258342173,0.380105933950545
2.95611677942915,0.327475906687953
2.95541734963295,0.363204976975917
2.7023960341865,0.378210141567816
2.86248790135334,0.35918128595595
2.70369356435918,0.382319043986523
2.18082371887721,0.440830560228574
0.991329151069452,0.370911513751065
0.992579918106964,0.310761336299022
1.04815175088092,0.47638622829452
0.991329151069452,0.359648386841081
0.93641189015835,0.398988516115325
0.93641189015835,0.285468015608149
0.991329151069452,0.370911513751065
0.992579918106964,0.395587616345883
0.991962720641803,0.382954788948456
0.935797983793445,0.373537359243664
1.04752124462972,0.391374182117606
1.32306217062077,0.435494234175358
1.43058699183853,0.258017780311143
1.48319965841619,0.245655724816418
1.53826197712603,0.234780435583939
1.75671893703059,0.199250858413257
1.75234177212225,0.189005208247118
1.59390757441004,0.190887664204633
1.54134347968459,0.221884375305337
1.3786703311789,0.254339623756826
1.2674369897942,0.326303172023659
1.37807856953148,0.219542422998993
1.48255801828864,0.261485474808549
1.26801553211557,0.268348211832536
0.823558934805769,0.364056752812345
1.69913022328723,0.340770213106712
1.85511044829614,0.305473102464127
2.12651485557436,0.181851567096891
1.91403484126091,0.148470262287882
1.86819404493568,0.15651188301103
1.85888322735538,0.276814551416077
1.80563814406206,0.288588449780463
1.64839240930464,0.330873946200527
1.43185459637985,0.538101091316758
1.54008827236736,0.361494739674199
1.48753297026493,0.262816632390251
2.01925689290113,0.151722624526392
1.96787357536455,0.222641108151178
2.44021481100782,0.107588901089703
2.44203853224449,0.12521179959623
2.33976394116514,0.103240029292691
2.24054535819233,0.0693452860075609
2.59712448314453,0.11180337428603
2.49229459558102,0.081039068077205
2.39180115139073,0.100110488160843
2.02985126526868,0.115891713984101
2.02733453428554,0.107505206617372
1.15928091044856,0.442469996988727
1.15866580583985,0.361296463628728
1.10307723001705,0.344939127956374
0.993194142131908,0.436899572283826
1.69790722511058,0.14860261618891
1.54008827236736,0.13208152223613
1.48319965841619,0.234283080819218
0.992579918106964,0.570613446671775
0.992579918106964,0.234107206083668
1.37556990243728,0.24308367780571
1.59390757441004,0.204272677786063
1.42941231591461,0.257810043541132
1.53577317632132,0.211412236318126
1.85763943509569,0.194898507984988
2.12651485557436,0.212606749658866
2.63752254950228,0.237850665471339
2.02616295442655,0.16236960463174
2.33546513796808,0.230216540610963
2.23127875742742,0.23193657503341
2.12651485557436,0.19324851017483
2.3757571929801,0.226978858073197
1.96045694612875,0.166775676081944
2.18042565701599,0.236492235308297
2.32925219762769,0.188880226282708
2.77580965474465,0.247124478673737
2.5847748756469,0.259596807131339
2.630043698331,0.29174412842873
2.57727134044636,0.229337663770342
2.3757571929801,0.21811365515838
2.47491550711837,0.335153842375315
2.22259889322704,0.215854332965183
2.1662096211096,0.275635487725995
1.96297028265418,0.211914629516079
1.48441853620934,0.184492916375381
1.80123042111735,0.287174803631832
0.992579918106964,0.327739778437002
1.04752124462972,0.303363497098044
2.12651485557436,0.206479055809337
1.37744515365389,0.274845106955139
2.120312966732,0.225066903190971
2.22507217960253,0.218960594494006
2.39249659598937,0.145770073186478
2.54199468316827,0.146144906659553
2.69262977123699,0.16932977506198
2.88753324553706,0.194628717869013
2.64237733846222,0.145235618023325
2.3888033520529,0.215346789377748
1.10493952596293,0.47294536691625
1.69913022328723,0.243982003172092
1.53946365412788,0.408125502606037
2.23870561359536,0.155403189849808
2.4904165054081,0.185979849622468
2.28765989580112,0.276173341873791
2.53884296614961,0.248767481894291
2.54199468316827,0.254814108888484
2.33976394116514,0.248104339925493
2.18665553166602,0.218050012394095
2.33852248228271,0.217584712495161
2.49170490808519,0.21969111342718
2.64120744622348,0.237754433778854
2.83735284426675,0.189226702724014
2.84229679980368,0.193861561451126
2.79139233169016,0.195338854887466
2.88942753796877,0.185673993494835
2.79071300854367,0.278789429797777
2.59215128724306,0.25813024872685
2.54199468316827,0.239205729128954
2.33909963917065,0.249669324747421
2.28271590554011,0.286863213923321
1.75736041420138,0.225416598645458
0.991600631320552,0.900794981518111
1.04385554828415,1.10099220034153
0.992204186974787,0.839349890100858
0.991054394918115,0.732429074716219
1.04385554828415,0.722488205974967
0.991600631320552,0.70951137124048
1.04385554828415,0.722488205974967
1.04385554828415,0.678932631984192
1.04385554828415,0.881835246983009
1.04385554828415,0.65862869588024
1.26688868975436,0.386159924196459
1.3191410851337,0.410174438864042
1.3191410851337,0.410174438864042
1.43017115258592,0.400519094085732
1.37496087944526,0.349651204183388
1.26750554398224,0.429989878945867
1.21462254126376,0.534139646772726
1.10834754232108,0.603909438470762
1.1612223916005,0.68853403684796
1.21462254126376,0.534139646772726
1.10834754232108,0.658006238094386
0.732020967037769,0.670262699531757
1.52897685237504,0.436211612939956
1.47725009832668,0.512764520955287
1.73536423000414,0.442435564754138
2.13210773959557,0.394068217150632
1.63243301604796,0.32131758251937
1.58360119562062,0.470068623449716
1.58183024378311,0.433118222452344
1.57888661557064,0.492514921169569
1.4748799534548,0.422855325033072
1.31860161962202,0.542089806588535
1.47250365580024,0.511162887428598
1.68768128383976,0.324530472021415
1.73420308520211,0.325039766964971
1.75183240603896,0.264289248203696
1.80358840176019,0.285352518473684
1.80421039887145,0.246293154450625
2.01081034534336,0.245760892135899
1.95785416713614,0.242717907791406
2.00841227120358,0.232748419494087
2.05907837137399,0.278845844443944
1.96364060720625,0.221656563676828
1.95898624908644,0.255912072682379
1.90775601188829,0.239927226851521
1.6888626611473,0.222113285326604
1.69009628437304,0.182425623977642
1.09896447157328,0.444803840079307
1.04440970320556,0.420191690336748
1.04440970320556,0.441070767588393
1.42373626648105,0.298204633466347
1.31860161962202,0.285700261814856
1.31860161962202,0.337215426189466
0.887859205356808,0.670828882020046
0.942942834952225,0.450033547507744
1.10834754232108,0.326025233550644
1.26454396050016,0.389579808520839
1.315605144834,0.359290315072792
1.21167801982941,0.390327854446782
1.52188645531235,0.302747950226392
1.74947112064112,0.259059985712215
2.00663424672942,0.259186018706777
2.00663424672942,0.266759545131825
2.00552886555345,0.241478213689348
1.80071293143949,0.184596319139503
1.85301080955051,0.177657932524622
1.92954197448612,0.254778417467532
2.10379176220418,0.304171970563476
2.01136101541786,0.220269740527563
2.15569043244809,0.211339858293769
2.00372629947054,0.240455275263843
1.90243649032602,0.183926666988492
1.93723453376775,0.36689951340458
1.7824470905789,0.321811817706751
1.4208130378575,0.297609976299374
1.5742339654141,0.268594746735188
1.05381135044766,0.73148635582364
1.26571150348297,0.26592527991165
1.75417315868264,0.172911873894269
2.07084050590484,0.197973403997031
2.17328764848562,0.197081071405106
2.1715031301788,0.270317378008764
2.16919204638621,0.282571471994309
2.00430890669576,0.306809644052996
1.72826294046249,0.382081097653737
1.05496975621109,0.438993880631314
1.37201256425627,0.408797797543339
1.96074193848738,0.253315422832645
1.9595955932223,0.280659337419474
2.1609582360546,0.375741464272242
2.06672836195726,0.245821144603838
2.0125716597844,0.309273973365467
1.857765032882,0.268098773630655
1.91012429821804,0.268886493305612
1.80594946922226,0.260824963710777
2.06845474659813,0.224528087472788
2.0673153107772,0.274271417418406
2.32408475595942,0.236250344859574
2.37591782148453,0.214819541263322
2.1214959563267,0.262472229871034
2.32532641090124,0.22077600067598
2.17270733561893,0.265016272860993
2.06790242629002,0.242632923908212
1.96544697621505,0.290154660500162
1.80713421624358,0.263322300474072
1.80541841743876,0.300619731131774
1.58248275074484,0.427700477801761
1.45723697385019,0.337204929340579
1.45903612185274,0.325691766407693
1.30682879318928,0.374267707961364
1.40844660482761,0.428138388952984
1.25512774108848,0.445307776445311
1.25393604948157,0.465632255076331
1.20172074962462,0.426824337958446
1.04678141520072,0.409159036436232
1.15063684598524,0.448652295450144
1.15063684598524,0.344398653308169
1.25393604948157,0.352365024842663
1.25393604948157,0.465632255076331
1.09896447157328,0.484548394165955
1.35496787202369,0.319924064788564
1.45723697385019,0.314027479676555
1.45546956503631,0.336810222735453
1.50542569560235,0.307776962662919
1.50721300610273,0.348453286767017
1.55894512852729,0.313085587667162
1.51012510313508,0.342875683026967
1.40902759082057,0.372101204268545
1.55894512852729,0.313085587667162
1.65774692564088,0.389337343259894
1.15125157998855,0.428438358423558
1.04678141520072,0.555564265176447
1.35558178674769,0.551622340093687
1.4055167582136,0.532566562452328
1.65065074678602,0.413488312206903
1.65420901097448,0.335470889701872
1.45723697385019,0.366347436681546
1.30563656286366,0.56652726639304
1.40669557321521,0.566809499025495
1.50721300610273,0.341190801267624
1.90834942082061,0.28770382775064
1.8583177640327,0.192390948689748
1.76480795112309,0.182950231116917
1.91368547589737,0.14927428908167
1.86362731755616,0.159850811911716
1.76480795112309,0.177521802891942
1.91188790018866,0.200823912040828
1.86715861352011,0.17897831750943
2.10263996839767,0.174933965388512
1.96074193848738,0.136705365954694
1.96544697621505,0.142570955022333
1.96658344852407,0.155337897737511
1.76658070245568,0.234931218991523
1.76593585966655,0.225218458866333
1.75298165094325,0.428231690275272
1.61008892711451,0.271120055750534
1.60835359625861,0.287112235191627
1.61008892711451,0.31419492470821
1.55894512852729,0.277748895865948
1.35496787202369,0.483448565735458
1.20172074962462,0.412450262076349
1.25338087894222,0.645571860120244
1.35323300610462,0.675422897794666
1.25044807127508,0.762554539772515
1.30156031019774,0.895685146158295
1.30270037642803,0.553781537911863
1.74766827462389,0.263081628653828
1.76242917605841,0.173161667041085
1.86240553397557,0.0682607870451506
1.86481838266438,0.0701049319478677
1.76242917605841,0.105329721421485
1.86007126046238,0.159131549017166
1.76480795112309,0.20658191957411
1.90305397723961,0.214672477377551
1.70419233067532,0.257277918061259
1.80888833455927,0.182975860264695
2.00133667369947,0.226232908557936
1.85714968485798,0.0844159525801748
2.05789540363678,0.210760085261756
1.99838235915195,0.243132867187396
1.80358840176019,0.104934962978712
1.79835871013739,0.279955839809926
1.65301275818705,0.221063971199879
1.50542569560235,0.245776192950773
1.30270037642803,0.326957705739038
1.35323300610462,0.525442581570329
1.20049453999478,0.476653228533678
1.35496787202369,0.421034555659024
1.50721300610273,0.389740524905807
1.8135783991442,0.258198557038846
1.80657228058645,0.317160070020631
1.84950627086508,0.324505217632598
1.90539066190156,0.286975972571004
1.95898624908644,0.290573825732007
1.85714968485798,0.353158397776285
1.80888833455927,0.277640843038768
1.90010342852606,0.282067250312374
2.00133667369947,0.222293988470761
2.09620298382299,0.331778972595925
1.95362954271175,0.259133581534669
2.19692474771047,0.291011713456737
1.91600930640426,0.233501314819365
1.91368547589737,0.250852466409489
1.8135783991442,0.213529493694956
2.05789540363678,0.251280355194215
2.19692474771047,0.220837861183539
2.0125716597844,0.205757239682712
1.96425139908368,0.195203608231955
2.24696219730083,0.231336301564533
2.10970283270258,0.212540578654567
1.91719496302147,0.209079911988308
2.05496179687045,0.31345005214625
2.04907941575757,0.271208685636719
2.1085335469978,0.238942467719341
2.0125716597844,0.270194342843038
1.96192211507621,0.278733026565128
2.10263996839767,0.273409404082699
2.20047010198152,0.235455601111587
2.25045136074378,0.243744781223419
1.9207433508684,0.231891455429121
1.91836189840216,0.250898346496185
2.05199768828974,0.217450985139505
2.01784440133137,0.225321890641803
2.16034470028676,0.323756057566642
2.15443739377403,0.244016182144024
2.01018507577422,0.200085270413336
2.0125716597844,0.188927268613264
2.3011477877611,0.198151429535781
2.25405261606721,0.260695090594247
2.20047010198152,0.278352603103496
1.91836189840216,0.262355827942051
2.2440245573375,0.235585733571862
2.24696219730083,0.281073534714944
2.06082623178542,0.22872987604428
2.06380309318827,0.199906285296987
2.01550607067856,0.240481474237794
2.29759555695404,0.234092631722425
2.20047010198152,0.25444652858506
2.0125716597844,0.239463689918678
2.01550607067856,0.200163918854188
2.19692474771047,0.197447200863665
2.20335072505161,0.15123576805208
2.20047010198152,0.305675233884507
2.05789540363678,0.331418986580253
2.00430890669576,0.262421170036478
2.10557757783228,0.179554482485237
2.20335072505161,0.244966560992883
2.20047010198152,0.267986132858921
2.15327970938031,0.266083641052273
2.05199768828974,0.192527243115823
2.05199768828974,0.249618812943516
2.10557757783228,0.194709009566022
2.25045136074378,0.232921460800064
2.29408758468335,0.312185389801252
2.25045136074378,0.256632029487028
2.14979585269454,0.265683262803629
2.05496179687045,0.283503184599271
2.1085335469978,0.257390063975411
2.34767886878945,0.239059643711579
2.4826664971069,0.216491076737787
2.11143656417853,0.26639546344824
2.2634444034207,0.175795094997756
2.44080881490519,0.296814324548329
2.34420536953584,0.266767849087048
2.15624433282685,0.277875371058114
2.05199768828974,0.319657778893265
2.15327970938031,0.32806130060476
2.29408758468335,0.321397609572639
2.20047010198152,0.437612454862888
2.05789540363678,0.371709038489696
2.05496179687045,0.280800248936655
2.10263996839767,0.3085359649006
2.15327970938031,0.401263162696758
2.14979585269454,0.345343360794276
2.00430890669576,0.287424095386071
2.04907941575757,0.247271643750829
1.95661029402557,0.232704952890564
2.05199768828974,0.185673993494835
2.14979585269454,0.327785690875392
2.19328130297218,0.29005532461757
1.96192211507621,0.315924690125317
2.05496179687045,0.294497399302344
2.09911740809675,0.282805763306522
2.15327970938031,0.34589070148735
2.10557757783228,0.292403284953825
2.05199768828974,0.263639093428883
1.95661029402557,0.264087765275239
2.04907941575757,0.280016848704973
2.10263996839767,0.241969186985443
2.14507729343897,0.349152251545721
2.14507729343897,0.387023364783214
2.00133667369947,0.321011413060274
1.35851775575524,0.314687999782019
1.81651739785104,0.298264976890753
1.96897151420654,0.187536405614574
1.87072822011204,0.323375834916125
2.06845474659813,0.211280658341227
1.87072822011204,0.286878841189468
1.76949737356285,0.31233240711042
1.96364060720625,0.320381249169513
1.86950178121971,0.332421206946325
1.86306041110409,0.304363766488781
2.01018507577422,0.353652066526699
1.81771522239641,0.325842608509799
1.91423543167498,0.314624333736731
1.96722175605766,0.316871424417057
2.01661695095999,0.212309968391717
2.1214959563267,0.186995737214747
2.21750313957692,0.217182931869638
2.02374657090473,0.235894857017698
1.92132780953215,0.31363671475991
1.96544697621505,0.260662632420745
1.91131277420658,0.440132985811782
1.86182641147976,0.372661951780117
1.25910539435211,0.375478390329645
1.65785900839504,0.248169995108265
1.5985481186179,0.2515209962912
1.53614701851263,0.6843938836915
1.36606099780685,0.339004648242653
1.31132044315741,0.318832955963324
1.48517142984717,0.373655107853516
1.77068214984138,0.379095631912908
1.8249126057895,0.235086672877981
1.8249126057895,0.34301713219621
1.88489660091853,0.316682836648175
1.72033561523854,0.199977860122291
1.72286723034005,0.265786661955447
1.88489660091853,0.299225148131525
1.77256865630591,0.40532274809317
1.99525028600826,0.270693139389208
1.83255969228731,0.266923596118043
1.65910924453225,0.334469886199259
1.49152091536919,0.382217898694162
1.71455309064481,0.333464084297046
1.8249126057895,0.354344913844794
1.49091095476463,0.389579808520839
1.48834781792686,0.382372602329779
1.42525313254916,0.512600940722573
1.58897967004669,0.656780975577034
1.30814150400471,0.439925811769712
1.19292153072784,0.56910121425643
1.36411823816832,0.499274053951956
1.36540541117316,0.315967717957844
1.31064682042632,0.642077167893156
1.24512484593992,0.366021146918824
1.30620163269594,0.553514407290282
1.54058814942439,0.258924946404312
1.88489660091853,0.167338601428619
1.93783711201632,0.139807135160274
1.93269503165698,0.191001339701165
1.99591139228899,0.163962529680942
1.9358663294222,0.185907497764911
1.76815199911822,0.194812073841855
1.98689744139928,0.276119616703887
1.82809243123843,0.180424315648629
1.87785617894502,0.224937329571447
2.02203699448441,0.301109076270166
2.08264870858292,0.196574066732234
2.10052998395103,0.228031402797676
2.20845128448869,0.242112339958977
2.20584733248028,0.289063834319073
2.21674615441716,0.242484745467473
2.15223177732285,0.186395694303442
2.20335072505161,0.200635678445979
1.81978717125715,0.203591051807637
1.87210101488795,0.236191519223136
1.76175011514826,0.278374265697764
1.81595254445583,0.419507186656428
1.85291058777863,0.399748406198786
1.59032310846235,0.420559724712871
1.58708466733587,0.38205731116705
1.59539000236403,0.467154843045967
1.59475912821481,0.412193562785895
1.7037545543236,0.400003580802784
1.93399561557137,0.254687228769393
1.82170752008786,0.32309284675377
1.92824438558056,0.282315403785035
2.04050122280037,0.259351466995398
1.87785617894502,0.142218015199302
1.82675808283307,0.263044779214079
1.93080780121369,0.355777595614346
2.04242662634447,0.34102621919946
1.98054696438584,0.358477587262738
2.10052998395103,0.219993932466156
1.99460288401353,0.215735099703542
2.04883006496579,0.332963613719818
2.15478700569852,0.188601887452361
2.05583032004675,0.270863825205679
2.04950892437185,0.301979685220216
1.99780822814063,0.308516756971533
2.04498974447756,0.249173392120187
2.10694464328597,0.244252717826072
2.15667443256565,0.254252549329138
1.99460288401353,0.338657905414602
1.93966564238017,0.319156916823437
2.15542810824922,0.333689930932068
2.10367797671681,0.278465267004979
2.04883006496579,0.218106865711929
1.93966564238017,0.341073992909909
2.21029605347132,0.128059761983627
2.27103206289348,0.226839357084678
2.10879016394151,0.124230048839328
2.05070786810255,0.360011017919062
2.04498974447756,0.266722180531962
2.10052998395103,0.216668048928655
2.10879016394151,0.258751715526735
2.10367797671681,0.174410626854442
2.10367797671681,0.345415931071516
1.99591139228899,0.387023364783214
2.21289029586473,0.11711521976649
2.22180261463977,0.200783282387687
2.05264290257008,0.265415645971933
2.05070786810255,0.289345162541665
1.99460288401353,0.338657905414602
2.21029605347132,0.308449538636161
2.16311429604527,0.162873289409292
2.15542810824922,0.154060578740047
2.05070786810255,0.348719135465365
1.94160091138122,0.156168177300092
2.25692708788412,0.235861815587303
2.21162643744765,0.292349815139251
2.10367797671681,0.365722184683301
1.99780822814063,0.368132195880556
1.99460288401353,0.305675233884507
2.04694014205782,0.353641058037725
2.31953246347364,0.279824062404452
2.16311429604527,0.268594746735188
1.99969334685554,0.255876227471325
2.04694014205782,0.251577766374218
1.98689744139928,0.244398172741108
2.2147537465785,0.179811073076432
2.16311429604527,0.192216602690261
2.10500111316346,0.375270984193576
2.15031916199882,0.209955485568909
2.04694014205782,0.211080980902926
2.14775471091243,0.376581609533444
2.21289029586473,0.227520899166504
2.21289029586473,0.147610820330486
2.21674615441716,0.331094173654117
2.10879016394151,0.237463200274797
2.15031916199882,0.179540509872168
2.15223177732285,0.316727200140748
2.15865837496466,0.34019655649774
2.3801703902754,0.293271544368672
2.21925794015044,0.283081000929787
2.21674615441716,0.288475057557961
2.43059069996787,0.266067075995732
2.27289837302461,0.156345714931286
2.21925794015044,0.133846248402726
2.20845128448869,0.238227639123844
2.15478700569852,0.225451685785116
2.21674615441716,0.136716004953013
1.99525028600826,0.226232908557936
1.94101684725755,0.248555586761232
2.09671324740161,0.305386345880592
2.15223177732285,0.264178207990884
2.10367797671681,0.423189464410297
2.04498974447756,0.251348806857919
2.04498974447756,0.318506845270153
2.04050122280037,0.303467390659626
2.10052998395103,0.282071640512521
2.15798713145571,0.396836380911008
2.10367797671681,0.37371036073248
2.04498974447756,0.284243245154111
1.99077671820571,0.340661501859182
1.99269561899903,0.212286838529638
2.10052998395103,0.360773874155541
2.15798713145571,0.389719294413918
2.10367797671681,0.140931726790752
2.04498974447756,0.270264792024314
1.99269561899903,0.324067366695075
2.15478700569852,0.462414787056099
2.04694014205782,0.29445614950384
2.04694014205782,0.466430131883896
2.04694014205782,0.411216361529634
2.10052998395103,0.513639163293321
2.09671324740161,0.396655760522296
1.59599414987693,0.333921127719593
2.00031535296457,0.163602462082578
2.06028291314252,0.256154159235534
2.06222001129422,0.249332448968631
2.05328137867796,0.259315140033665
1.88871080249889,0.234121781352294
1.94230989938903,0.158979919529896
1.83255969228731,0.15283835920592
1.88802137940034,0.135419923484792
1.94414265024565,0.172604672470577
1.94160091138122,0.176679024296704
1.94101684725755,0.229462629232567
1.94101684725755,0.150997626231032
2.26778695568055,0.294581062467277
2.1106801111228,0.26277982006812
2.12288770956112,0.28043446253393
2.05841025898012,0.276262548735875
1.89251992712386,0.259186018706777
1.89187388091368,0.250540314290739
2.05011177374963,0.286056220265317
1.77583736017248,0.252263933913296
0.359663444346689,1.74603840766395
0.342757841600072,1.83596716366586
0.376388702023584,1.8250553192868
0.39291957558851,1.45938372900378
0.39291957558851,1.54333903929036
0.359663444346689,1.59167186685379
0.458118813904026,1.6050370608608
0.521610612505979,1.52227365272641
0.521610612505979,1.2630670854257
0.474475977689346,1.26160827039237
0.458510790615196,1.31032930763726
0.442153627750153,1.83404646954827
0.537782217024095,1.21850008335905
0.506399267022145,1.37617220646898
0.376388702023584,1.48007403447662
0.32584178441584,1.74769011723497
0.491023624511607,1.52260539159485
0.458887589933769,1.02132681472606
0.442551392221794,1.0970494012162
0.442153627750153,0.723664263480603
0.458510790615196,0.906850944018689
0.614579274484023,0.706901748568301
0.643839637737814,0.616982501076618
0.644604033714614,0.563907907937652
0.507394836661887,1.25147285054805
0.426002529843627,0.991192086302456
0.392731009468636,1.26108802395274
0.376005914276373,1.44912473859238
0.644604033714614,0.519118370485587
0.584169074325774,0.493356942658895
0.458510790615196,1.39579140472646
0.409458857153261,1.40867882402413
0.734363173011784,0.471691973189359
0.73378002050637,0.695294302564654
0.630368711129917,0.551285458614803
0.891655029230546,1.22780459323969
1.02722801632961,0.833731724011568
1.20457591960418,0.609594468626247
1.43695082899702,0.391523451019845
1.54355951285891,0.346384993238549
0.887649134094611,1.5792473157906
1.02242638330253,1.01063732416014
1.07097054711928,0.764994463370069
1.18191915935081,0.738332136815971
1.33584347163012,0.633789091393659
1.37214243536842,0.494983670505754
1.51665304806079,0.487730051379115
19.7453474700812,0.26898276593534
17.5647333593307,0.265374339224523
71.0455666030493,0.103813657017283
35.9926499349692,0.151432444114789
52.4397459728762,0.195563205994457
37.1744542492491,0.156276378290168
48.9272718265819,0.184688999994646
33.2932463939843,0.132591817576083
38.3158409577326,0.115629112774909
37.0944906361852,0.102494343107017
38.3181724821399,0.105781105072492
72.361959219735,0.0893605007788765
61.9764345057265,0.134993784123599
59.4316177807221,0.0655153690323932
1500,1.46035508491179
49.9816287274724,0.0475429689823984
50.0203357604621,0.046291607172799
97.2454108342249,0.107618209545869
71.8940589640134,0.0436256511628348
36.6001160021233,0.0522060515279414
109.517902370331,0.0913180154614056
65.54485075648,0.0554297747607316
51.3147974350652,0.0456691796850769
42.1829974439959,0.0505406558789565
103.340772329619,0.0571483245333331
47.9677460660398,0.0598758224640428
78.2380307093817,0.0597636310504928
32.1833276952147,0.128034849975742
27.6552228521861,0.0972084867526133
24.3998912588885,0.123476327375884
40.9239221758012,0.0490715741481801
78.2380307093817,0.0510789995165213
97.1222135805355,0.0427144080747528
56.4620338857101,0.0623240166690747
146.324580888166,0.0485770643102451
57.1153069421354,0.0444693866009127
47.0058991573011,0.0484651067841524
30.2714413776254,0.091963780118856
44.4576065132746,0.043396751555043
37.1591260630904,0.0837442944671865
44.523330549052,0.0459724527451067
20.0782602649613,0.08889198068493
21.0712726931852,0.108983969533731
21.5407793397359,0.11134535416769
51.1538987637434,0.0456514129754576
1.03156736839011,0.560022261195133
1.65549007212414,0.393432392751472
1.57825159697866,0.311587100423954
1.73115731221852,0.463870897254194
1.53167726751416,0.46849825501006
1.52387874833613,0.637523883788483
1.81520377062124,0.430351424301464
1.73115731221852,0.340957224542115
1.76815199911822,0.34804812222875
1.85224675543818,0.456605706332278
1.7401224691841,0.288988484843058
1.82471520701785,0.302663145285052
1.73115731221852,0.340957224542115
2.00815429214418,0.318765970645258
1.49252966188878,0.399128264641217
1.49252966188878,0.399128264641217
1.44608767174782,0.486255804544819
1.41302477985718,0.409915965961875
1.57121948768861,0.563335512099587
1.63087206253437,0.449721958027999
1.69148518762528,0.301030586994004
1.68837745448843,0.356291561504446
1.62661050159526,0.487585840780921
1.69148518762528,0.301030586994004
1.69259484327833,0.301214541835821
1.69259484327833,0.301214541835821
1.74632769033487,0.265473486220236
1.68515579822301,0.355641954873032
1.57338273388119,0.551173925397779
1.62661050159526,0.498107851239204
1.56858721803021,0.618804931485945
1.51163180523669,0.733738360425719
0.891260255825874,1.79445209874174
1.7017571881184,0.699960531924363
2.69361300224296,0.506143671746688
2.10890422594112,0.521395764115149
1.9461218584365,0.584164661393992
2.69361300224296,9.73879769847659
2.68507635019149,0.581339330973847
2.83467806067759,0.508502629089376
1.87964081975534,0.676675038883241
2.90335049677515,0.467118489880206
2.3992269573581,0.40482310405657
1.54595640739979,0.659528841255651
0.523725539686239,157.422320893233
0.418954663124475,3.14898126385918
0.354870051025071,2.11212885533777
0.476019877534007,5.03248146951481
0.523033757441136,1.96860761253908
0.705369742767314,1.38931629094203
0.744468763435802,1.18360184763027
0.877831647742719,1.24251101533174
0.818679161963805,0.819713118345457
0.743291903642572,0.95048687973709
0.665112497197719,1.12441884110389
0.664162109311378,1.31023753651656
0.644403591496202,1.44159423956677
0.523725539686239,1.48952591161585
0.543960293174052,2.88348861515667
0.419661973138145,2.7529308431131
0.44055571666012,2.73563226023403
0.419661973138145,1.70339232513628
0.377400318605552,1.67582657326183
0.984919109546375,4.0816925356528
0.482379573695536,1.59387200607516
14.5873844285128,0.118925910302602
14.1927997773851,0.0758935671070397
16.3831314496559,0.217838003933735
18.7914933338375,0.355799745953561
13.2774713221428,0.148544227223822
16.3831314496559,0.329500519015397
15.1084833596739,0.322832716369277
14.8749595968094,0.268153024960997
14.8565167323835,0.40904760715549
14.5873844285128,0.46220431860461
14.0668434991175,0.666237596598325
14.4617390552969,0.532858829890799
14.9823502083914,0.528098985075355
14.7312421119028,0.600614570725471
22.6370946494005,2.88004618187605
25.0704527181267,0.71507389529628
30.7350374975599,0.768452182065305
21.932119048241,0.897104733109517
27.2600968936044,0.857803287042693
14.4403910599121,0.552991291072365
20.2040152966514,0.687203796175457
17.9322686427178,0.798749775501091
19.0679301711175,1.15465704306716
15.3883221355919,0.688185838093268
12.746452931327,0.953669124455752
22.5216858451255,1.18248324743866
22.5216858451255,0.489930742612175
3.645987803781,0.179109988532995
3.59940321752076,0.235203788389408
3.42409997061872,0.213824651650423
4.04604054022245,0.151839561305769
4.30866817661982,0.161427191773032
4.57373960369872,0.123350032556113
4.57373960369872,0.144286503998138
4.57373960369872,0.123350032556113
4.30866817661982,0.136135266028836
3.15203347722619,0.216801294796544
4.17790192535033,0.188794991912009
4.26200788965073,0.236619257868739
3.11665538471097,0.124114573055866
3.46581378952842,0.162054647092116
3.69818503502137,0.146616515674254
3.46581378952842,0.114200516301816
5.7509058063496,0.187010290025606
5.7509058063496,0.157705786013114
6.85678972133844,0.138399331293096
6.97918880270363,0.140802369869341
7.26478336729281,0.0895007367663229
7.34478964813623,0.10117289774141
7.31960688578308,0.113553587944853
7.21110174272275,0.111912185700096
6.19576570124107,0.109540910975995
6.74722606115041,0.157519348775089
5.30246724817375,0.172792154995252
4.96373556322287,0.162031948346542
4.39360910500203,0.173399675856753
3.93316443964902,0.155686439612759
3.11665538471097,0.152557323048247
3.03110039931679,0.191728080314975
3.74280766609586,0.295665096617753
5.06718869587403,0.247159097869049
5.40002214827304,0.2930057796803
5.22783878904001,0.254778417467532
6.95841087933171,0.204326733914222
6.45279110252708,0.225126462038952
7.29374608355402,0.253645836350426
6.26702779098999,0.279918805180376
3.63214837813047,0.234236593308061
2.72228341440753,0.228946248905142
1.61294895646517,2.24971947116533
2.05227517494825,0.617244234827901
2.01374899555757,0.631457979519597
2.05227517494825,0.617244234827901
2.28265417332433,0.378077717195892
2.05227517494825,0.472805527810411
2.32067754490925,0.332325503803006
2.35832957555827,0.337565946022201
2.24499575454222,0.435140220205302
2.05227517494825,0.617244234827901
2.01374899555757,0.65862869588024
1.77498511767468,1.22270808979556
1.77498511767468,1.39036543486563
1.57254791036071,2.7797653726976
1.48985293752662,2.63735076632513
1.10446152319752,1.33447672011847
1.15069908258978,1.23622735842724
1.10661042451914,1.19009951357645
1.45579925293006,0.685286577030617
1.416994987004,10.8760335128695
1.5803176772933,0.724244555634968
1.54252149154326,0.743333476126514
1.91038259968294,0.466934949604152
1.91038259968294,0.393783118285117
1.62498919576353,0.480709903981244
1.54252149154326,0.782135658044245
1.49728497821517,0.624540262417243
1.19903446776114,1.15291962109391
1.19425707642571,1.28179182060487
1.10446152319752,1.23388218916009
1.01581526371204,1.18229921707889
0.692591661109861,1.30708553758691
1.26140592583989,0.583494504716089
1.16816365278821,0.873488955305827
1.20969307296709,0.664275473166372
1.11941405068253,0.772316097600479
0.959632358486007,1.09369082623361
1.11941405068253,1.17787732075206
1.04309362456384,0.693009268388498
1.12180059623213,0.977138247821285
1.08271012872937,0.762794916631143
1.00353484098512,1.30522032514424
0.959632358486007,1.53127985641903
0.919597582605163,1.04923346742473
1.03877952659482,2.58041423504167
0.791362243177542,1.9059416631266
0.705589148552613,4.41111184652995
1.20407109475026,0.259401929551429
1.64393501390447,0.189339389101518
1.31352542990872,0.210051090486799
1.27407819807629,0.286248844960638
2.63579340456324,0.298756301330558
3.43010109155807,0.468212138271252
1.40589691314374,0.0884042432517743
2.32837048266512,0.092918038286213
0.742445616319926,0.095085476177342
2.05020880055634,1.61572069828023
5.74740754282485,0.234621532463315
3.18064422969217,0.089140326005479
1.61946146125825,0.643450235136267
4.6880591452505,0.0566678179919129
1.20428276973249,0.202754642215626
1.61946146125825,0.643450235136267
4.6880591452505,0.0566678179919129
2.05020880055634,1.61572069828023
5.74740754282485,0.234621532463315
3.18064422969217,0.089140326005479
1.40589691314374,0.0884042432517743
2.32837048266512,0.092918038286213
0.742445616319926,0.095085476177342
1.20407109475026,0.259401929551429
1.64393501390447,0.189339389101518
1.31352542990872,0.210051090486799
1.27407819807629,0.286248844960638
2.63579340456324,0.298756301330558
3.43010109155807,0.468212138271252
1.20428276973249,0.202754642215626
10.2136806722641,0.102476796882574
11.1765067106173,0.0797412756263106
13.4250107255961,0.0494024389961436
14.2286366837302,0.0523315376574468
14.8717417551053,0.0572683065204599
15.3541312674303,0.0583952061703558
17.284536433741,0.070924763364899
17.9285106381714,0.0447690470223858
12.2663256920016,0.0845260610431216
6.57782169700553,0.143050511233501
6.75651560421017,0.14142227676854
9.08252019860378,0.0863383585131156
12.398395370588,0.0633077896718285
3.81788364329355,0.193466696481166
4.09207902652432,0.191148549661388
4.3664392656468,0.17943993915072
4.64081876371832,0.164375188711595
5.05275205967496,0.15555019746139
5.32740530540805,0.144741414797663
5.46464355439549,0.134159095979948
5.73950542389571,0.135449434638782
2.01374899555757,0.238620065558081
2.44021481100782,0.162156830803954
2.8137127660112,0.130350207124396
3.08071611314057,0.165525990915223
3.29432071218822,0.117302206996154
4.09613413629853,0.0891535073043294
5.28634516390444,0.0726647428110423
6.56001252329316,0.0538051787496481
7.36448038340371,0.0618651937085197
12.9732854164447,0.0651926672841606
2.85886150248124,0.266811449093073
3.98920327561548,0.211306967383694
4.70940704644259,0.179158780157361
5.2242701619246,0.153234945523924
5.63646533203681,0.149552768815429
5.73950542389571,0.158568464683828
4.56231250570682,0.426454140088225
4.79772102835772,0.488533476899498
6.91771855785262,0.271417713593733
1.15432627772943,3.97668834296288
1.5117135676374,1.60274667127973
1.2436483295468,0.95871797986618
1.42233640575402,1.004357127429
1.69055912536098,0.895685146158295
2.13819956112377,0.458047088728341
3.75324778901688,0.200109406746371
4.74230059770542,0.18331293246607
5.64258493734175,0.161986560393082
5.73238924185058,0.144641763073061
6.99406815138318,0.180992458565669
3.3478262848981,0.333371972403753
5.97019191487922,0.121991594041555
6.45279110252708,0.130076606184364
4.62351574445811,3.00807588581043
5.05179563495105,1.2193538092438
4.99068958195762,1.12666555249057
5.90907291056686,0.511757934670742
8.60702492288187,0.170291816535121
1.09622621412124,1.84813760610728
1.29676012197883,1.78541188739045
1.64801910575994,1.21238974634906
1.69822867921648,0.794450610650863
2.40199422990871,0.721260734808298
2.70394948890336,0.417163205883107
3.42874470716012,2.85294286525985
3.51495626783847,2.9227423321294
3.68737450776639,2.51821189699799
4.55011405000046,1.35377538157824
7.48920480118426,0.537803855920422
7.66226611109127,0.411069181540708
7.575650995957,0.374913404899766
9.2212416214993,0.278750380190441
1.029637282473,3.72187433100629
1.46805531054803,1.29587360262462
2.10694464328597,0.849915914098028
2.25354976957581,0.832937297547345
2.65359343896355,0.641365529145051
0.448221447686499,14.5787145533031
0.982059914620816,7.36457223355861
1.02322163501694,5.4611775447912
1.18791146373326,3.28376172913555
1.35270246222446,2.19593298638499
1.3939477203422,1.81490026155247
1.72388674672955,1.21595195308348
1.80647457048457,1.0499971977539
1.88904283673449,0.849046597853589
2.09555116106926,0.535229824252435
