Number,W,D,S,Q,U,xi,U/u,H,H/W,F,R,R*,,,f,(8/f)^0.5
1.00,0.10,0.00,0.01,0.00,0.28,4.28,9.04,0.01,0.11,0.90,2.47,71.00,0.03,0.00,0.0978933354217245,9.04
2.00,,,,0.00,0.31,5.14,9.04,0.01,0.13,0.90,3.18,78.00,0.03,0.00,0.0978933354217245,9.04
3.00,,,,0.00,0.34,5.84,9.23,0.01,0.15,0.92,3.85,83.00,0.04,0.00,0.0939045389932729,9.23
4.00,,,,0.00,0.37,6.22,9.90,0.02,0.16,0.99,4.53,86.00,0.04,0.00,0.0816243240485665,9.9
5.00,,,,0.00,0.39,6.78,10.05,0.02,0.18,1.01,5.16,90.00,0.04,0.00,0.0792059602485087,10.05
6.00,,,,0.00,0.41,7.31,10.14,0.02,0.19,1.01,5.76,93.00,0.05,0.00,0.0778061770323946,10.14
7.00,,,,0.00,0.43,7.74,10.36,0.02,0.21,1.04,6.36,96.00,0.05,0.00,0.0745367540734336,10.36
8.00,,,,0.00,0.45,8.11,10.61,0.02,0.22,1.06,6.94,98.00,0.05,0.00,0.0710655659794923,10.61
9.00,,,,0.00,0.47,8.59,10.63,0.02,0.24,1.06,7.48,101.00,0.05,0.00,0.0707984024340491,10.63
10.00,,,,0.00,0.48,9.07,10.61,0.03,0.25,1.06,8.00,104.00,0.06,0.00,0.0710655659794923,10.61
11.00,,,,0.00,0.50,9.44,10.72,0.03,0.26,1.07,8.52,106.00,0.06,0.00,0.0696146134996658,10.72
12.00,,,0.02,0.00,0.38,4.33,8.49,0.01,0.11,1.20,3.30,102.00,0.05,0.00,0.110987637364543,8.49
13.00,,,,0.00,0.41,4.87,8.79,0.01,0.12,1.24,4.02,108.00,0.06,0.00,0.103540971809676,8.79
14.00,,,,0.00,0.44,5.50,8.73,0.01,0.14,1.23,4.70,115.00,0.07,0.00,0.104969106279908,8.73
15.00,,,,0.00,0.47,6.72,8.54,0.02,0.18,1.13,5.90,130.00,0.09,0.00,0.10969182082938,8.54
40.00,0.25,0.00,0.01,0.00,0.42,7.83,9.99,0.02,0.08,1.00,6.94,97.00,0.05,0.00,0.0801602403204005,9.99
41.00,,,,0.00,0.48,10.15,10.03,0.03,0.10,1.00,10.00,110.00,0.06,0.00,0.0795221513922838,10.03
42.00,,,,0.00,0.50,9.70,10.69,0.02,0.10,1.07,10.07,108.00,0.06,0.00,0.0700058892454328,10.69
43.00,,,,0.01,0.59,13.44,10.72,0.03,0.14,1.07,15.73,127.00,0.08,0.00,0.0696146134996658,10.72
44.00,,,,0.01,0.58,13.70,10.43,0.03,0.14,1.04,15.68,128.00,0.09,0.00,0.0735396180903784,10.43
45.00,,,,0.01,0.76,20.00,11.31,0.05,0.21,1.13,28.15,155.00,0.13,0.00,0.0625409936669426,11.31
48.00,,,,0.02,0.96,29.90,11.69,0.08,0.33,1.17,48.00,189.00,0.19,0.00,0.0585411115932622,11.69
49.00,0.10,0.00,0.01,0.00,0.24,2.38,7.12,0.01,0.12,0.71,2.40,166.00,0.01,0.00,0.157808357530615,7.12
50.00,,,,0.00,0.26,2.88,7.07,0.02,0.15,0.71,3.07,182.00,0.02,0.00,0.160048334597048,7.07
51.00,,,,0.00,0.30,3.12,7.72,0.02,0.17,0.77,3.75,190.00,0.02,0.00,0.134231791457489,7.72
52.00,,,,0.00,0.34,3.81,7.87,0.02,0.21,0.79,4.95,210.00,0.02,0.00,0.129163713392178,7.87
53.00,,,,0.00,0.39,4.56,8.38,0.03,0.26,0.84,6.62,229.00,0.03,0.00,0.113920517654832,8.38
54.00,,,,0.00,0.42,4.99,8.64,0.03,0.28,0.86,7.66,240.00,0.03,0.00,0.107167352537723,8.64
55.00,,,,0.00,0.45,5.40,8.81,0.03,0.31,0.88,8.62,250.00,0.03,0.00,0.103071398846373,8.81
56.00,,,0.02,0.00,0.45,3.11,8.21,0.02,0.17,1.16,5.62,268.00,0.04,0.00,0.118687142176811,8.21
57.00,,,,0.00,0.48,3.72,8.10,0.02,0.20,1.15,6.95,293.00,0.05,0.00,0.121932632220698,8.1
58.00,,,,0.00,0.54,4.15,8.49,0.02,0.23,1.20,8.41,309.00,0.05,0.00,0.110987637364543,8.49
59.00,,,,0.00,0.57,4.64,8.53,0.03,0.26,1.21,9.72,327.00,0.06,0.00,0.109949162256102,8.53
60.00,,,,0.00,0.64,5.47,8.83,0.03,0.31,1.25,12.31,355.00,0.07,0.00,0.102605013024424,8.83
61.00,,,0.03,0.00,0.46,3.32,6.65,0.02,0.17,1.15,5.94,339.00,0.06,0.00,0.180903386285262,6.65
62.00,,,,0.00,0.51,3.70,6.98,0.02,0.20,1.21,7.18,358.00,0.07,0.00,0.164202264349225,6.98
63.00,,,,0.00,0.54,4.17,6.97,0.02,0.22,1.21,8.31,380.00,0.08,0.00,0.164673770967603,6.97
66.00,,,0.05,0.00,0.40,2.46,5.20,0.01,0.13,1.08,3.96,387.00,0.08,0.00,0.29585798816568,5.2
67.00,,,,0.00,0.43,2.74,5.30,0.01,0.14,1.19,4.69,397.00,0.09,0.00,0.284798860804557,5.3
97.00,0.25,0.00,0.01,0.01,0.56,6.69,9.88,0.04,0.14,0.99,15.56,278.00,0.04,0.00,0.0819551213755348,9.88
98.00,,,,0.01,0.78,9.10,11.79,0.05,0.21,1.18,28.36,324.00,0.06,0.00,0.057552259249907,11.79
99.00,,,0.01,0.02,0.90,11.59,11.50,0.07,0.27,1.21,39.13,384.00,0.08,0.00,0.0604914933837429,11.5
100.00,0.10,0.01,0.01,0.00,0.19,1.65,5.06,0.02,0.16,0.51,2.29,343.00,0.01,0.00,0.312456060866441,5.06
101.00,,,,0.00,0.28,2.18,6.43,0.02,0.21,0.64,4.21,395.00,0.01,0.00,0.193494239918345,6.43
102.00,,,,0.00,0.36,2.77,7.22,0.03,0.28,0.72,6.41,445.00,0.02,0.00,0.153467207894353,7.22
103.00,,,,0.00,0.42,3.22,7.82,0.03,0.34,0.78,8.38,480.00,0.02,0.00,0.130820703684565,7.82
104.00,,,0.02,0.00,0.25,1.28,5.17,0.01,0.12,0.73,2.38,428.00,0.02,0.00,0.299301505112444,5.17
105.00,,,,0.00,0.35,1.79,6.17,0.02,0.17,0.87,4.43,506.00,0.02,0.00,0.21014528919932,6.17
106.00,,,,0.00,0.42,2.40,6.51,0.02,0.23,0.92,6.77,586.00,0.03,0.00,0.18876784151052,6.51
107.00,,,,0.00,0.54,2.91,7.53,0.03,0.30,1.06,10.03,646.00,0.04,0.00,0.141091234883397,7.53
108.00,,,0.03,0.00,0.27,1.22,4.66,0.01,0.11,0.81,2.45,512.00,0.02,0.00,0.368398754812209,4.66
109.00,,,,0.00,0.40,1.60,6.07,0.02,0.15,1.05,4.60,586.00,0.03,0.00,0.217126386555534,6.07
110.00,,,,0.00,0.42,2.02,5.69,0.02,0.19,0.99,5.78,658.00,0.04,0.00,0.247095851569522,5.69
111.00,,,,0.00,0.48,2.18,6.27,0.02,0.21,1.09,7.04,683.00,0.04,0.00,0.203495544719418,6.27
112.00,,,,0.00,0.59,2.74,6.93,0.03,0.27,1.20,10.37,766.00,0.05,0.00,0.16658025316034,6.93
113.00,,,0.05,0.00,0.58,2.70,5.31,0.03,0.26,1.19,9.89,983.00,0.08,0.00,0.283727182128025,5.31
114.00,,,,0.00,0.63,2.88,5.59,0.03,0.28,1.25,11.25,1.02,0.09,0.00,0.256015565746397,5.59
115.00,,,,0.00,0.65,3.18,5.49,0.03,0.31,1.23,12.38,1.07,0.10,0.00,0.265427122006894,5.49
116.00,,,,0.00,0.37,1.49,4.52,0.01,0.14,1.01,3.96,729.00,0.05,0.00,0.391573341686898,4.52
117.00,,,,0.00,0.45,1.66,5.28,0.02,0.16,1.18,5.37,770.00,0.05,0.00,0.286960514233242,5.28
118.00,,,,0.00,0.52,1.85,5.71,0.02,0.18,1.28,6.70,813.00,0.06,0.00,0.245367913851325,5.71
119.00,,,,0.00,0.53,2.17,5.46,0.02,0.21,1.22,7.79,880.00,0.07,0.00,0.268351916703565,5.46
